/** INSERCION DE DATOS **/

insert into DEPARTAMENTOS (ID,DEPARTAMENTO) values (1,'ANTIOQUIA');
insert into DEPARTAMENTOS (ID,DEPARTAMENTO) values (2,'BOLIVAR');
insert into DEPARTAMENTOS (ID,DEPARTAMENTO) values (3,'CUNDINAMARCA');
insert into DEPARTAMENTOS (ID,DEPARTAMENTO) values (4,'CESAR');
insert into DEPARTAMENTOS (ID,DEPARTAMENTO) values (5,'GUAJIRA');
insert into DEPARTAMENTOS (ID,DEPARTAMENTO) values (6,'SAN ANDRES');
insert into DEPARTAMENTOS (ID,DEPARTAMENTO) values (7,'VALLE DEL CAUCA');
insert into DEPARTAMENTOS (ID,DEPARTAMENTO) values (8,'SANTA MARTA');
insert into DEPARTAMENTOS (ID,DEPARTAMENTO) values (9,'VAUPES');
insert into DEPARTAMENTOS (ID,DEPARTAMENTO) values (10,'PUTUMAYO');
insert into DEPARTAMENTOS (ID,DEPARTAMENTO) values (11,'BOYACA');
insert into DEPARTAMENTOS (ID,DEPARTAMENTO) values (12,'SANTANDER');
insert into DEPARTAMENTOS (ID,DEPARTAMENTO) values (13,'ARAUCA');
insert into DEPARTAMENTOS (ID,DEPARTAMENTO) values (14,'TOLIMA');
insert into DEPARTAMENTOS (ID,DEPARTAMENTO) values (15,'RISARALDA');
insert into DEPARTAMENTOS (ID,DEPARTAMENTO) values (16,'CALDAS');
insert into DEPARTAMENTOS (ID,DEPARTAMENTO) values (17,'NORTE DE SANTANDER');
insert into DEPARTAMENTOS (ID,DEPARTAMENTO) values (18,'PASTO');
insert into DEPARTAMENTOS (ID,DEPARTAMENTO) values (19,'AMAZONAS');
insert into DEPARTAMENTOS (ID,DEPARTAMENTO) values (20,'SUCRE');


insert into CIUDADES (ID,CIUDAD,ID_DEPARTAMENTO) values (1,'MEDELLIN',1);
insert into CIUDADES (ID,CIUDAD,ID_DEPARTAMENTO) values (2,'BUCARAMANGA',12);
insert into CIUDADES (ID,CIUDAD,ID_DEPARTAMENTO) values (3,'CALI',7);
insert into CIUDADES (ID,CIUDAD,ID_DEPARTAMENTO) values (4,'CARTAGENA',2);
insert into CIUDADES (ID,CIUDAD,ID_DEPARTAMENTO) values (5,'MOCOA',10);
insert into CIUDADES (ID,CIUDAD,ID_DEPARTAMENTO) values (6,'PEREIRA',15);
insert into CIUDADES (ID,CIUDAD,ID_DEPARTAMENTO) values (7,'IBAGUE',14);
insert into CIUDADES (ID,CIUDAD,ID_DEPARTAMENTO) values (9,'BOGOTA',3);
insert into CIUDADES (ID,CIUDAD,ID_DEPARTAMENTO) values (10,'MANIZALES',16);
insert into CIUDADES (ID,CIUDAD,ID_DEPARTAMENTO) values (11,'NARIÑO',18);
insert into CIUDADES (ID,CIUDAD,ID_DEPARTAMENTO) values (12,'CUCUTA',17);
insert into CIUDADES (ID,CIUDAD,ID_DEPARTAMENTO) values (13,'BARRANQUILLA',8);
insert into CIUDADES (ID,CIUDAD,ID_DEPARTAMENTO) values (14,'RIOHACHA',5);
insert into CIUDADES (ID,CIUDAD,ID_DEPARTAMENTO) values (15,'PAILITAS',4);
insert into CIUDADES (ID,CIUDAD,ID_DEPARTAMENTO) values (16,'LOS SANTOS',5);
insert into CIUDADES (ID,CIUDAD,ID_DEPARTAMENTO) values (17,'ARAUCA',13);
insert into CIUDADES (ID,CIUDAD,ID_DEPARTAMENTO) values (18,'TUNJA',11);
insert into CIUDADES (ID,CIUDAD,ID_DEPARTAMENTO) values (19,'MITU',9);
insert into CIUDADES (ID,CIUDAD,ID_DEPARTAMENTO) values (20,'LETICIA',19);


insert into CLIENTES (ID,CEDULA,NOMBRE,TELEFONO,DIRECCION) values (1,1023271414,'Guillermo Eraso Annexy',3055932,'Calle 33 Sur 77');
insert into CLIENTES (ID,CEDULA,NOMBRE,TELEFONO,DIRECCION) values (2,1041333739,'Enrique Florez Faillace',3825232,'Calle 17 48');
insert into CLIENTES (ID,CEDULA,NOMBRE,TELEFONO,DIRECCION) values (3,1025691226,'Cesar Alberto Cortes De La Espriella',3003865,'Calle2755');
insert into CLIENTES (ID,CEDULA,NOMBRE,TELEFONO,DIRECCION) values (4,1025903003,'Juan Sebastian Zapata',4087489,'Calle2465');
insert into CLIENTES (ID,CEDULA,NOMBRE,TELEFONO,DIRECCION) values (5,1033640140,'Armando Calderon Lesmes',3519582,'Calle4134');
insert into CLIENTES (ID,CEDULA,NOMBRE,TELEFONO,DIRECCION) values (6,1039429289,'Jesus Maria Rodriguez Alvarez',4126322,'Calle 28 Norte 60');
insert into CLIENTES (ID,CEDULA,NOMBRE,TELEFONO,DIRECCION) values (7,1027770683,'Gonzalo Gaitan Quijano',3694679,'Calle 35 52');
insert into CLIENTES (ID,CEDULA,NOMBRE,TELEFONO,DIRECCION) values (8,1021967570,'Guillermo Ruiz Lara',3669202,'Calle40 Sur 66');
insert into CLIENTES (ID,CEDULA,NOMBRE,TELEFONO,DIRECCION) values (9,1024438268,'Leonte Rojas Castro',2843383,'Calle28 Sur 71');
insert into CLIENTES (ID,CEDULA,NOMBRE,TELEFONO,DIRECCION) values (10,1027986958,'Gustavo Moreno Camacho',3188925,'Calle26Sur38');
insert into CLIENTES (ID,CEDULA,NOMBRE,TELEFONO,DIRECCION) values (11,1027162225,'Roberto Jose Escallon Ricaurte',3590805,'Calle1077');
insert into CLIENTES (ID,CEDULA,NOMBRE,TELEFONO,DIRECCION) values (12,1034951782,'Alberto Enrique Schotborgh Schotborgh',2561155,'Calle5978');
insert into CLIENTES (ID,CEDULA,NOMBRE,TELEFONO,DIRECCION) values (13,1030691489,'Enrique Garcia Diaz',3450761,'Calle5631');
insert into CLIENTES (ID,CEDULA,NOMBRE,TELEFONO,DIRECCION) values (14,1028683464,'Jaime Silva Silva',2809262,'Calle16 Norte 54');
insert into CLIENTES (ID,CEDULA,NOMBRE,TELEFONO,DIRECCION) values (15,1030271622,'Jorge Abelardo Ayala Betancourt',3212016,'Calle50 Norte 34');
insert into CLIENTES (ID,CEDULA,NOMBRE,TELEFONO,DIRECCION) values (16,1023102983,'Alejandro Dishington Gonzalez',3899434,'Calle27 Norte 71');
insert into CLIENTES (ID,CEDULA,NOMBRE,TELEFONO,DIRECCION) values (17,1028261008,'Jorge Alberto Steiner Schwitzer',4404495,'Calle27 Norte70');
insert into CLIENTES (ID,CEDULA,NOMBRE,TELEFONO,DIRECCION) values (18,1042159991,'Hector Jose Trujillo Cardenas',4401843,'Calle31 Norte 22');
insert into CLIENTES (ID,CEDULA,NOMBRE,TELEFONO,DIRECCION) values (19,1019596412,'Jose Maria Duran Bravo',3526670,'Calle42Norte29');
insert into CLIENTES (ID,CEDULA,NOMBRE,TELEFONO,DIRECCION) values (20,1025528509,'Rosendo Torres Cruz',4038360,'Calle37Sur45');


insert into ESTADO_GUIAS (ID,ESTADO) values (1,'A RECIBIR');
insert into ESTADO_GUIAS (ID,ESTADO) values (2,'EN TERMINAL ORIGEN');
insert into ESTADO_GUIAS (ID,ESTADO) values (3,'EN TRANSPORTE');
insert into ESTADO_GUIAS (ID,ESTADO) values (4,'EN TERMINAL DESTINO');
insert into ESTADO_GUIAS (ID,ESTADO) values (5,'EN REPARTO');
insert into ESTADO_GUIAS (ID,ESTADO) values (6,'ENTREGADA');



insert into RASTREO_GUIAS (ID,ID_ESTADO_GUIA,FECHA_HORA_ESTADO) values (1,1,TO_DATE('30/01/2019 10:00:00','dd-mm-yyyy hh24:mi:ss'));
insert into RASTREO_GUIAS (ID,ID_ESTADO_GUIA,FECHA_HORA_ESTADO) values (2,1,TO_DATE('23/02/2019 10:00:00','dd-mm-yyyy hh24:mi:ss'));
insert into RASTREO_GUIAS (ID,ID_ESTADO_GUIA,FECHA_HORA_ESTADO) values (3,2,TO_DATE('04/02/2019 10:30:00','dd-mm-yyyy hh24:mi:ss'));
insert into RASTREO_GUIAS (ID,ID_ESTADO_GUIA,FECHA_HORA_ESTADO) values (4,6,TO_DATE('04/03/2019 09:00:00','dd-mm-yyyy hh24:mi:ss'));
insert into RASTREO_GUIAS (ID,ID_ESTADO_GUIA,FECHA_HORA_ESTADO) values (5,5,TO_DATE('20/03/2019 08:00:00','dd-mm-yyyy hh24:mi:ss'));
insert into RASTREO_GUIAS (ID,ID_ESTADO_GUIA,FECHA_HORA_ESTADO) values (6,4,TO_DATE('12/03/2019 11:00:00','dd-mm-yyyy hh24:mi:ss'));
insert into RASTREO_GUIAS (ID,ID_ESTADO_GUIA,FECHA_HORA_ESTADO) values (7,4,TO_DATE('12/03/2019 11:00:00','dd-mm-yyyy hh24:mi:ss'));
insert into RASTREO_GUIAS (ID,ID_ESTADO_GUIA,FECHA_HORA_ESTADO) values (8,6,TO_DATE('12/03/2019 10:10:00','dd-mm-yyyy hh24:mi:ss'));
insert into RASTREO_GUIAS (ID,ID_ESTADO_GUIA,FECHA_HORA_ESTADO) values (9,5,TO_DATE('11/03/2019 11:00:00','dd-mm-yyyy hh24:mi:ss'));
insert into RASTREO_GUIAS (ID,ID_ESTADO_GUIA,FECHA_HORA_ESTADO) values (10,5,TO_DATE('05/03/2019 13:00:00','dd-mm-yyyy hh24:mi:ss'));
insert into RASTREO_GUIAS (ID,ID_ESTADO_GUIA,FECHA_HORA_ESTADO) values (11,6,TO_DATE('20/03/2019 12:30:00','dd-mm-yyyy hh24:mi:ss'));
insert into RASTREO_GUIAS (ID,ID_ESTADO_GUIA,FECHA_HORA_ESTADO) values (12,2,TO_DATE('24/02/2019 10:00:00','dd-mm-yyyy hh24:mi:ss'));
insert into RASTREO_GUIAS (ID,ID_ESTADO_GUIA,FECHA_HORA_ESTADO) values (13,2,TO_DATE('01/02/2019 17:20:00','dd-mm-yyyy hh24:mi:ss'));
insert into RASTREO_GUIAS (ID,ID_ESTADO_GUIA,FECHA_HORA_ESTADO) values (14,2,TO_DATE('12/02/2019 18:05:00','dd-mm-yyyy hh24:mi:ss'));
insert into RASTREO_GUIAS (ID,ID_ESTADO_GUIA,FECHA_HORA_ESTADO) values (15,2,TO_DATE('05/02/2019 14:40:00','dd-mm-yyyy hh24:mi:ss'));
insert into RASTREO_GUIAS (ID,ID_ESTADO_GUIA,FECHA_HORA_ESTADO) values (16,3,TO_DATE('12/12/2019 15:00:00','dd-mm-yyyy hh24:mi:ss'));
insert into RASTREO_GUIAS (ID,ID_ESTADO_GUIA,FECHA_HORA_ESTADO) values (17,3,TO_DATE('12/01/2019 14:50:00','dd-mm-yyyy hh24:mi:ss'));
insert into RASTREO_GUIAS (ID,ID_ESTADO_GUIA,FECHA_HORA_ESTADO) values (18,5,TO_DATE('12/01/2019 14:00:00','dd-mm-yyyy hh24:mi:ss'));
insert into RASTREO_GUIAS (ID,ID_ESTADO_GUIA,FECHA_HORA_ESTADO) values (19,1,TO_DATE('12/03/2019 17:00:00','dd-mm-yyyy hh24:mi:ss'));
insert into RASTREO_GUIAS (ID,ID_ESTADO_GUIA,FECHA_HORA_ESTADO) values (20,5,TO_DATE('12/03/2019 17:00:00','dd-mm-yyyy hh24:mi:ss'));


insert into CODIGOS_POSTALES (ID,ID_CIUDAD,CODIGO_POSTAL) values (1,1,578901);
insert into CODIGOS_POSTALES (ID,ID_CIUDAD,CODIGO_POSTAL) values (2,2,578902);
insert into CODIGOS_POSTALES (ID,ID_CIUDAD,CODIGO_POSTAL) values (3,3,578903);
insert into CODIGOS_POSTALES (ID,ID_CIUDAD,CODIGO_POSTAL) values (4,4,578904);
insert into CODIGOS_POSTALES (ID,ID_CIUDAD,CODIGO_POSTAL) values (5,5,578905);
insert into CODIGOS_POSTALES (ID,ID_CIUDAD,CODIGO_POSTAL) values (6,6,578906);
insert into CODIGOS_POSTALES (ID,ID_CIUDAD,CODIGO_POSTAL) values (7,7,578907);
insert into CODIGOS_POSTALES (ID,ID_CIUDAD,CODIGO_POSTAL) values (8,9,578908);
insert into CODIGOS_POSTALES (ID,ID_CIUDAD,CODIGO_POSTAL) values (9,9,578909);
insert into CODIGOS_POSTALES (ID,ID_CIUDAD,CODIGO_POSTAL) values (10,10,578910);
insert into CODIGOS_POSTALES (ID,ID_CIUDAD,CODIGO_POSTAL) values (11,11,578911);
insert into CODIGOS_POSTALES (ID,ID_CIUDAD,CODIGO_POSTAL) values (12,12,578912);
insert into CODIGOS_POSTALES (ID,ID_CIUDAD,CODIGO_POSTAL) values (13,13,578913);
insert into CODIGOS_POSTALES (ID,ID_CIUDAD,CODIGO_POSTAL) values (14,14,578914);
insert into CODIGOS_POSTALES (ID,ID_CIUDAD,CODIGO_POSTAL) values (15,15,578915);
insert into CODIGOS_POSTALES (ID,ID_CIUDAD,CODIGO_POSTAL) values (16,16,578916);
insert into CODIGOS_POSTALES (ID,ID_CIUDAD,CODIGO_POSTAL) values (17,17,578917);
insert into CODIGOS_POSTALES (ID,ID_CIUDAD,CODIGO_POSTAL) values (18,18,578918);
insert into CODIGOS_POSTALES (ID,ID_CIUDAD,CODIGO_POSTAL) values (19,19,578919);
insert into CODIGOS_POSTALES (ID,ID_CIUDAD,CODIGO_POSTAL) values (20,20,578920);


insert into EMPLEADOS (ID,NOMBRE,CEDULA,CODIGO_EMPLEADO,DIRECCION,TELEFONO,SALARIO,ID_EMPLEADO_JEFE,CARGO) values (1,'Faustino Almanza Pachon',4523452,444,'Calle50 Norte 34',5483928,1300412,1,'operario');
insert into EMPLEADOS (ID,NOMBRE,CEDULA,CODIGO_EMPLEADO,DIRECCION,TELEFONO,SALARIO,ID_EMPLEADO_JEFE,CARGO) values (2,'Jose De Jesus Rodriguez Arevalo',4523453,461,'Calle27 Norte 71',6960886,400151,2,'operario');
insert into EMPLEADOS (ID,NOMBRE,CEDULA,CODIGO_EMPLEADO,DIRECCION,TELEFONO,SALARIO,ID_EMPLEADO_JEFE,CARGO) values (3,'Eduardo Uribe Henao',4523454,617,'Calle27 Norte70',6645692,13441234,2,'operario');
insert into EMPLEADOS (ID,NOMBRE,CEDULA,CODIGO_EMPLEADO,DIRECCION,TELEFONO,SALARIO,ID_EMPLEADO_JEFE,CARGO) values (4,'Liborio Cuellar Gomez',1022629740,349,'Calle31 Norte 22',5166773,154545,3,'operario');
insert into EMPLEADOS (ID,NOMBRE,CEDULA,CODIGO_EMPLEADO,DIRECCION,TELEFONO,SALARIO,ID_EMPLEADO_JEFE,CARGO) values (5,'Jose Maria Bernal Jaramillo',1039959048,325,'Calle42 Norte 29',5640361,112514,1,'bodega');
insert into EMPLEADOS (ID,NOMBRE,CEDULA,CODIGO_EMPLEADO,DIRECCION,TELEFONO,SALARIO,ID_EMPLEADO_JEFE,CARGO) values (6,'Jaime Antonio Marquez Cuervo',1036900882,435,'Calle 37Sur 45',7165305,214214331,5,'operario');
insert into EMPLEADOS (ID,NOMBRE,CEDULA,CODIGO_EMPLEADO,DIRECCION,TELEFONO,SALARIO,ID_EMPLEADO_JEFE,CARGO) values (7,'Jose Vicente Suarez Gelves',1041112779,431,'Calle 33 Sur 77',3734153,424214,4,'operario');
insert into EMPLEADOS (ID,NOMBRE,CEDULA,CODIGO_EMPLEADO,DIRECCION,TELEFONO,SALARIO,ID_EMPLEADO_JEFE,CARGO) values (8,'Hector Jose Rocha Queruz',1045725442,437,'Calle 17 48',3409447,3423425,3,'operario');
insert into EMPLEADOS (ID,NOMBRE,CEDULA,CODIGO_EMPLEADO,DIRECCION,TELEFONO,SALARIO,ID_EMPLEADO_JEFE,CARGO) values (9,'Hernando Rafael Gomez Vesga',1034757921,426,'Calle2755',7291973,634766,2,'operario');
insert into EMPLEADOS (ID,NOMBRE,CEDULA,CODIGO_EMPLEADO,DIRECCION,TELEFONO,SALARIO,ID_EMPLEADO_JEFE,CARGO) values (10,'Hernando Romero Castellanos',1032718072,573,'Calle2465',4463381,5600256,1,'nomina');
insert into EMPLEADOS (ID,NOMBRE,CEDULA,CODIGO_EMPLEADO,DIRECCION,TELEFONO,SALARIO,ID_EMPLEADO_JEFE,CARGO) values (11,'Victor Jose Mora Melo',1038293821,388,'Calle4134',6264184,1340241,3,'operario');
insert into EMPLEADOS (ID,NOMBRE,CEDULA,CODIGO_EMPLEADO,DIRECCION,TELEFONO,SALARIO,ID_EMPLEADO_JEFE,CARGO) values (12,'Jose Joaquin Prieto Clavijo',1030092379,529,'Calle 28 Norte 60',6234437,4656354,2,'porteria');
insert into EMPLEADOS (ID,NOMBRE,CEDULA,CODIGO_EMPLEADO,DIRECCION,TELEFONO,SALARIO,ID_EMPLEADO_JEFE,CARGO) values (13,'Alejandro Gomez Arango',1035818422,452,'Calle 35 52',6034146,3423414,10,'operario');
insert into EMPLEADOS (ID,NOMBRE,CEDULA,CODIGO_EMPLEADO,DIRECCION,TELEFONO,SALARIO,ID_EMPLEADO_JEFE,CARGO) values (14,'Samuel Botero Mejia',1028047489,618,'Calle40 Sur 66',5338487,5570784,1,'operario');
insert into EMPLEADOS (ID,NOMBRE,CEDULA,CODIGO_EMPLEADO,DIRECCION,TELEFONO,SALARIO,ID_EMPLEADO_JEFE,CARGO) values (15,'Guillermo Botero Mejia',4523466,554,'Calle28 Sur 71',7329930,51445451,2,'operario');
insert into EMPLEADOS (ID,NOMBRE,CEDULA,CODIGO_EMPLEADO,DIRECCION,TELEFONO,SALARIO,ID_EMPLEADO_JEFE,CARGO) values (16,'Ernesto Fernandez Bustos',4523467,466,'Calle26Sur38',6126240,66767878,15,'gerencia');
insert into EMPLEADOS (ID,NOMBRE,CEDULA,CODIGO_EMPLEADO,DIRECCION,TELEFONO,SALARIO,ID_EMPLEADO_JEFE,CARGO) values (17,'Roberto Casabianca Pizano',4523468,340,'Calle1077',3570771,3413413,14,'operario');
insert into EMPLEADOS (ID,NOMBRE,CEDULA,CODIGO_EMPLEADO,DIRECCION,TELEFONO,SALARIO,ID_EMPLEADO_JEFE,CARGO) values (18,'Armando Elias Aponte Lopez',4523469,592,'Calle59 78',6432985,65624134,14,'operario');


insert into EMPLEADOS (ID,NOMBRE,CEDULA,CODIGO_EMPLEADO,DIRECCION,TELEFONO,SALARIO,ID_EMPLEADO_JEFE,CARGO) values (19,'Alberto Casini',4523470,646,'Calle56 31',5848747,1234556,11,'operario');
insert into EMPLEADOS (ID,NOMBRE,CEDULA,CODIGO_EMPLEADO,DIRECCION,TELEFONO,SALARIO,ID_EMPLEADO_JEFE,CARGO) values (20,'Pablo Antonio Cañon Rojas',4523471,370,'Calle16 Norte 54',5263678,7252626,13,'operario');


insert into CENTRO_RECIBOS (ID,ID_CIUDAD,NOMBRE,DIRECCION,TELEFONO,TIPO_CENTRO_RECIBO) values (1,1,'Constructor Antioquia','Calle 33 Sur 77',4463381,'CONVENCIONAL');
insert into CENTRO_RECIBOS (ID,ID_CIUDAD,NOMBRE,DIRECCION,TELEFONO,TIPO_CENTRO_RECIBO) values (2,9,'Bogota Centro','Calle 17 48',6264184,'TERMINAL DE CARGA');
insert into CENTRO_RECIBOS (ID,ID_CIUDAD,NOMBRE,DIRECCION,TELEFONO,TIPO_CENTRO_RECIBO) values (3,9,'Constructor Bogota','Calle2755',6234437,'TERMINAL DE CARGA');
insert into CENTRO_RECIBOS (ID,ID_CIUDAD,NOMBRE,DIRECCION,TELEFONO,TIPO_CENTRO_RECIBO) values (4,1,'Banca en mensajeria','Calle2465',6034146,'TERMINAL DE CARGA');
insert into CENTRO_RECIBOS (ID,ID_CIUDAD,NOMBRE,DIRECCION,TELEFONO,TIPO_CENTRO_RECIBO) values (5,2,'Bucaramanga mercancia','Calle4134',5338487,'TERMINAL DE CARGA');
insert into CENTRO_RECIBOS (ID,ID_CIUDAD,NOMBRE,DIRECCION,TELEFONO,TIPO_CENTRO_RECIBO) values (6,1,'Antioquia mercancia','Calle 28 Norte 60',7329930,'TERMINAL DE CARGA');
insert into CENTRO_RECIBOS (ID,ID_CIUDAD,NOMBRE,DIRECCION,TELEFONO,TIPO_CENTRO_RECIBO) values (7,2,'Bucaramanga Norte','Calle 35 52',6126240,'CONVENCIONAL');
insert into CENTRO_RECIBOS (ID,ID_CIUDAD,NOMBRE,DIRECCION,TELEFONO,TIPO_CENTRO_RECIBO) values (8,3,'Cali Sur','Calle40 Sur 66',3570771,'CONVENCIONAL');
insert into CENTRO_RECIBOS (ID,ID_CIUDAD,NOMBRE,DIRECCION,TELEFONO,TIPO_CENTRO_RECIBO) values (9,4,'Cartagena Centro','Calle28 Sur 71',6432985,'CONVENCIONAL');
insert into CENTRO_RECIBOS (ID,ID_CIUDAD,NOMBRE,DIRECCION,TELEFONO,TIPO_CENTRO_RECIBO) values (10,3,'Cali Norte','Calle26Sur38',5848747,'CONVENCIONAL');
insert into CENTRO_RECIBOS (ID,ID_CIUDAD,NOMBRE,DIRECCION,TELEFONO,TIPO_CENTRO_RECIBO) values (11,2,'Bucaramanga Sur','Calle1077',5263678,'CONVENCIONAL');
insert into CENTRO_RECIBOS (ID,ID_CIUDAD,NOMBRE,DIRECCION,TELEFONO,TIPO_CENTRO_RECIBO) values (12,1,'Antioquia sur','Calle5978',4126322,'TERMINAL DE CARGA');
insert into CENTRO_RECIBOS (ID,ID_CIUDAD,NOMBRE,DIRECCION,TELEFONO,TIPO_CENTRO_RECIBO) values (13,2,'Bucaramanga Centro','Calle5631',3694679,'TERMINAL DE CARGA');
insert into CENTRO_RECIBOS (ID,ID_CIUDAD,NOMBRE,DIRECCION,TELEFONO,TIPO_CENTRO_RECIBO) values (14,3,'Cali Centro','Calle16 Norte 54',3669202,'TERMINAL DE CARGA');
insert into CENTRO_RECIBOS (ID,ID_CIUDAD,NOMBRE,DIRECCION,TELEFONO,TIPO_CENTRO_RECIBO) values (15,4,'Cartagena Mercancia','Calle50 Norte 34',2843383,'TERMINAL DE CARGA');
insert into CENTRO_RECIBOS (ID,ID_CIUDAD,NOMBRE,DIRECCION,TELEFONO,TIPO_CENTRO_RECIBO) values (16,2,'Bucaramanga mensajeria','Calle27 Norte 71',3188925,'TERMINAL DE CARGA');
insert into CENTRO_RECIBOS (ID,ID_CIUDAD,NOMBRE,DIRECCION,TELEFONO,TIPO_CENTRO_RECIBO) values (17,1,'Oficinas Del Exterior','Calle27 Norte70',3590805,'TERMINAL DE CARGA');
insert into CENTRO_RECIBOS (ID,ID_CIUDAD,NOMBRE,DIRECCION,TELEFONO,TIPO_CENTRO_RECIBO) values (18,1,'Antioquia centro','Calle31 Norte 22',2561155,'CONVENCIONAL');
insert into CENTRO_RECIBOS (ID,ID_CIUDAD,NOMBRE,DIRECCION,TELEFONO,TIPO_CENTRO_RECIBO) values (19,2,'Bucaramanga radicacion','Calle42Norte29',3450761,'CONVENCIONAL');
insert into CENTRO_RECIBOS (ID,ID_CIUDAD,NOMBRE,DIRECCION,TELEFONO,TIPO_CENTRO_RECIBO) values (20,17,'Arauca centro','Calle37Sur45',2809262,'TERMINAL DE CARGA');


insert into CENTRO_RECIBOS_EMPLEADOS (ID,ID_EMPLEADO,ID_CENTRO_RECIBO) values (1,1,1);
insert into CENTRO_RECIBOS_EMPLEADOS (ID,ID_EMPLEADO,ID_CENTRO_RECIBO) values (2,1,2);
insert into CENTRO_RECIBOS_EMPLEADOS (ID,ID_EMPLEADO,ID_CENTRO_RECIBO) values (3,2,3);
insert into CENTRO_RECIBOS_EMPLEADOS (ID,ID_EMPLEADO,ID_CENTRO_RECIBO) values (4,2,5);
insert into CENTRO_RECIBOS_EMPLEADOS (ID,ID_EMPLEADO,ID_CENTRO_RECIBO) values (5,2,6);
insert into CENTRO_RECIBOS_EMPLEADOS (ID,ID_EMPLEADO,ID_CENTRO_RECIBO) values (6,3,7);
insert into CENTRO_RECIBOS_EMPLEADOS (ID,ID_EMPLEADO,ID_CENTRO_RECIBO) values (7,4,12);
insert into CENTRO_RECIBOS_EMPLEADOS (ID,ID_EMPLEADO,ID_CENTRO_RECIBO) values (8,5,11);
insert into CENTRO_RECIBOS_EMPLEADOS (ID,ID_EMPLEADO,ID_CENTRO_RECIBO) values (9,6,19);
insert into CENTRO_RECIBOS_EMPLEADOS (ID,ID_EMPLEADO,ID_CENTRO_RECIBO) values (10,7,20);
insert into CENTRO_RECIBOS_EMPLEADOS (ID,ID_EMPLEADO,ID_CENTRO_RECIBO) values (11,8,1);
insert into CENTRO_RECIBOS_EMPLEADOS (ID,ID_EMPLEADO,ID_CENTRO_RECIBO) values (12,9,15);
insert into CENTRO_RECIBOS_EMPLEADOS (ID,ID_EMPLEADO,ID_CENTRO_RECIBO) values (13,10,16);
insert into CENTRO_RECIBOS_EMPLEADOS (ID,ID_EMPLEADO,ID_CENTRO_RECIBO) values (14,15,18);
insert into CENTRO_RECIBOS_EMPLEADOS (ID,ID_EMPLEADO,ID_CENTRO_RECIBO) values (15,15,8);
insert into CENTRO_RECIBOS_EMPLEADOS (ID,ID_EMPLEADO,ID_CENTRO_RECIBO) values (16,10,11);



insert into VEHICULOS (ID,MARCA,MODELO,LINEA,TIPO_COMBUSTIBLE,KILOMETRAJE,CAPACIDAD,ID_CENTRO_RECIBO) values (1,'FORD',2012,'L35','DIESEL',21495,'2.5 TON',12);
insert into VEHICULOS (ID,MARCA,MODELO,LINEA,TIPO_COMBUSTIBLE,KILOMETRAJE,CAPACIDAD,ID_CENTRO_RECIBO) values (2,'MITSUBISHI',2013,'FUSO 1','GASOLINA',91656,'2.8 TON',9);
insert into VEHICULOS (ID,MARCA,MODELO,LINEA,TIPO_COMBUSTIBLE,KILOMETRAJE,CAPACIDAD,ID_CENTRO_RECIBO) values (3,'MITSUBISHI',2007,'FUSO 2','DIESEL',51210,'3.3 TON',6);
insert into VEHICULOS (ID,MARCA,MODELO,LINEA,TIPO_COMBUSTIBLE,KILOMETRAJE,CAPACIDAD,ID_CENTRO_RECIBO) values (4,'FORD',2013,'L35','DIESEL',89066,'3.5 TON',10);
insert into VEHICULOS (ID,MARCA,MODELO,LINEA,TIPO_COMBUSTIBLE,KILOMETRAJE,CAPACIDAD,ID_CENTRO_RECIBO) values (5,'FORD',2010,'L012','DIESEL',43808,'6 TON',4);
insert into VEHICULOS (ID,MARCA,MODELO,LINEA,TIPO_COMBUSTIBLE,KILOMETRAJE,CAPACIDAD,ID_CENTRO_RECIBO) values (6,'FORD',2013,'L56','GASOLINA',79613,'3.3 TON',9);
insert into VEHICULOS (ID,MARCA,MODELO,LINEA,TIPO_COMBUSTIBLE,KILOMETRAJE,CAPACIDAD,ID_CENTRO_RECIBO) values (7,'FORD',2007,'L56','GASOLINA',25837,'5 TON',5);
insert into VEHICULOS (ID,MARCA,MODELO,LINEA,TIPO_COMBUSTIBLE,KILOMETRAJE,CAPACIDAD,ID_CENTRO_RECIBO) values (8,'NISSAN',2008,'NF102','GASOLINA',96566,'11 TON',19);
insert into VEHICULOS (ID,MARCA,MODELO,LINEA,TIPO_COMBUSTIBLE,KILOMETRAJE,CAPACIDAD,ID_CENTRO_RECIBO) values (9,'NISSAN',2008,'NI120','GASOLINA',78273,'11 TON',19);
insert into VEHICULOS (ID,MARCA,MODELO,LINEA,TIPO_COMBUSTIBLE,KILOMETRAJE,CAPACIDAD,ID_CENTRO_RECIBO) values (10,'NISSAN',2007,'NK100','GASOLINA',44177,'2.8 TON',10);
insert into VEHICULOS (ID,MARCA,MODELO,LINEA,TIPO_COMBUSTIBLE,KILOMETRAJE,CAPACIDAD,ID_CENTRO_RECIBO) values (11,'RENAULT',2006,'RE200','GASOLINA',89533,'3.3 TON',4);
insert into VEHICULOS (ID,MARCA,MODELO,LINEA,TIPO_COMBUSTIBLE,KILOMETRAJE,CAPACIDAD,ID_CENTRO_RECIBO) values (12,'NISSAN',2012,'NI14','GASOLINA',59778,'6 TON',8);
insert into VEHICULOS (ID,MARCA,MODELO,LINEA,TIPO_COMBUSTIBLE,KILOMETRAJE,CAPACIDAD,ID_CENTRO_RECIBO) values (13,'MITSUBISHI',2013,'FUSO 2','GASOLINA',48041,'5 TON',9);
insert into VEHICULOS (ID,MARCA,MODELO,LINEA,TIPO_COMBUSTIBLE,KILOMETRAJE,CAPACIDAD,ID_CENTRO_RECIBO) values (14,'MITSUBISHI',2009,'FUSO 1','DIESEL',90027,'3.5 TON',10);
insert into VEHICULOS (ID,MARCA,MODELO,LINEA,TIPO_COMBUSTIBLE,KILOMETRAJE,CAPACIDAD,ID_CENTRO_RECIBO) values (15,'FORD',2007,'L312','DIESEL',15725,'6 TON',16);
insert into VEHICULOS (ID,MARCA,MODELO,LINEA,TIPO_COMBUSTIBLE,KILOMETRAJE,CAPACIDAD,ID_CENTRO_RECIBO) values (16,'FORD',2006,'L35','DIESEL',79999,'700 KG',12);
insert into VEHICULOS (ID,MARCA,MODELO,LINEA,TIPO_COMBUSTIBLE,KILOMETRAJE,CAPACIDAD,ID_CENTRO_RECIBO) values (17,'RENAULT',2014,'RT256','GASOLINA',83091,'2.5 TON',11);
insert into VEHICULOS (ID,MARCA,MODELO,LINEA,TIPO_COMBUSTIBLE,KILOMETRAJE,CAPACIDAD,ID_CENTRO_RECIBO) values (18,'RENAULT',2012,'RR156','GASOLINA',73504,'2.5 TON',20);
insert into VEHICULOS (ID,MARCA,MODELO,LINEA,TIPO_COMBUSTIBLE,KILOMETRAJE,CAPACIDAD,ID_CENTRO_RECIBO) values (19,'NISSAN',2011,'NE152','DIESEL',47658,'2.5 TON',7);
insert into VEHICULOS (ID,MARCA,MODELO,LINEA,TIPO_COMBUSTIBLE,KILOMETRAJE,CAPACIDAD,ID_CENTRO_RECIBO) values (20,'NISSAN',2005,'NA453','GASOLINA',77407,'2.5 TON',1);


insert into REVISIONES (ID,KILOMETRAJE_REVISION) values (1,5000);
insert into REVISIONES (ID,KILOMETRAJE_REVISION) values (2,10000);
insert into REVISIONES (ID,KILOMETRAJE_REVISION) values (3,20000);
insert into REVISIONES (ID,KILOMETRAJE_REVISION) values (4,40000);
insert into REVISIONES (ID,KILOMETRAJE_REVISION) values (5,50000);
insert into REVISIONES (ID,KILOMETRAJE_REVISION) values (6,100000);

insert into OPERACIONES_REVISIONES (ID,OPERACION,ID_REVISION) values (1,'CAMBIAR ACEITE',1);
insert into OPERACIONES_REVISIONES (ID,OPERACION,ID_REVISION) values (2,'CAMBIAR FILTRO ACEITE',1);
insert into OPERACIONES_REVISIONES (ID,OPERACION,ID_REVISION) values (3,'CAMBIAR FILTRO AIRE',1);
insert into OPERACIONES_REVISIONES (ID,OPERACION,ID_REVISION) values (4,'REVISAR AIRE DE LLANTAS',1);
insert into OPERACIONES_REVISIONES (ID,OPERACION,ID_REVISION) values (5,'REVISAR NIVEL DE DETERIORO DE LA BANDA DE RODAMIENTO',1);
insert into OPERACIONES_REVISIONES (ID,OPERACION,ID_REVISION) values (6,'COMPROBAR LA TENSION DEL AMBREGUE O FRENO',1);
insert into OPERACIONES_REVISIONES (ID,OPERACION,ID_REVISION) values (7,'COMPROBAR LA TENSION DE LA CORREA DEL MOTOR',1);
insert into OPERACIONES_REVISIONES (ID,OPERACION,ID_REVISION) values (8,'VERIFICAR LUCES Y EL FUNCIONAMIENTO DE LOS COMANDOS DEL TABLERO',1);
insert into OPERACIONES_REVISIONES (ID,OPERACION,ID_REVISION) values (9,'REVISAR NIVEL DEL LIQUIDO  DE FRENOS',1);
insert into OPERACIONES_REVISIONES (ID,OPERACION,ID_REVISION) values (10,'VERIFICAR LUCES Y EL FUNCIONAMIENTO DE LOS COMANDOS DEL TABLERO',2);
insert into OPERACIONES_REVISIONES (ID,OPERACION,ID_REVISION) values (11,'ESTADO DEL ALTERNADOR Y ARRANQUE',2);
insert into OPERACIONES_REVISIONES (ID,OPERACION,ID_REVISION) values (12,'DESGASTE DE ARTICULACIONES Y ROTULAS',2);
insert into OPERACIONES_REVISIONES (ID,OPERACION,ID_REVISION) values (13,'REVISAR ESTADO DE LOS GUARDAPOLVOS',2);
insert into OPERACIONES_REVISIONES (ID,OPERACION,ID_REVISION) values (14,'SISTEMA DE ADMINSION, MANGUERAS Y TUBERIAS',2);
insert into OPERACIONES_REVISIONES (ID,OPERACION,ID_REVISION) values (15,'REVISAR NIVEL DEL LIQUIDO  DE FRENOS',2);
insert into OPERACIONES_REVISIONES (ID,OPERACION,ID_REVISION) values (16,'REVISAR NIVEL DE LOS LIQUIDOS',2);
insert into OPERACIONES_REVISIONES (ID,OPERACION,ID_REVISION) values (17,'REALIZAR LAVADO DEL MOTOR',2);
insert into OPERACIONES_REVISIONES (ID,OPERACION,ID_REVISION) values (18,'REVISAR TENSION DEL FRENO DE PIE Y MANO',2);
insert into OPERACIONES_REVISIONES (ID,OPERACION,ID_REVISION) values (19,'ALINEACION, BALANCEO Y ROTACION DE LLANTAS',2);
insert into OPERACIONES_REVISIONES (ID,OPERACION,ID_REVISION) values (20,'INSPECCION DEL SISTEMA ELECTRICO',2);
insert into OPERACIONES_REVISIONES (ID,OPERACION,ID_REVISION) values (21,'CAMBIAR ACEITE',3);
insert into OPERACIONES_REVISIONES (ID,OPERACION,ID_REVISION) values (22,'CAMBIAR FILTRO ACEITE',3);
insert into OPERACIONES_REVISIONES (ID,OPERACION,ID_REVISION) values (23,'CAMBIAR FILTRO AIRE',3);
insert into OPERACIONES_REVISIONES (ID,OPERACION,ID_REVISION) values (24,'CAMBIAR FILTRO DE COMBUSTIBLE',3);
insert into OPERACIONES_REVISIONES (ID,OPERACION,ID_REVISION) values (25,'SUSTITUIR PASTAS DE FRENO Y BANDAS TRASERAS',3);
insert into OPERACIONES_REVISIONES (ID,OPERACION,ID_REVISION) values (26,'CAMBIAR ACEITE DE DIRECCION, TRANSMISION Y CAJA DE VELOCIDADES',3);
insert into OPERACIONES_REVISIONES (ID,OPERACION,ID_REVISION) values (27,'REVISAR AIRE DE LLANTAS',3);
insert into OPERACIONES_REVISIONES (ID,OPERACION,ID_REVISION) values (28,'ALINEACION, BALANCEO Y ROTACION DE LLANTAS',3);
insert into OPERACIONES_REVISIONES (ID,OPERACION,ID_REVISION) values (29,'CALIBRAR LOS FRENOS',3);
insert into OPERACIONES_REVISIONES (ID,OPERACION,ID_REVISION) values (30,'COMPROBAR LA TENSION DEL AMBREGUE O FRENO',3);
insert into OPERACIONES_REVISIONES (ID,OPERACION,ID_REVISION) values (31,'COMPROBAR LA TENSION DE LA CORREA DEL MOTOR',3);
insert into OPERACIONES_REVISIONES (ID,OPERACION,ID_REVISION) values (32,'ENGRASAR LOS RODAMIENTOS DE LAS LLANTAS DE ATRÁS',3);
insert into OPERACIONES_REVISIONES (ID,OPERACION,ID_REVISION) values (33,'CAMBIAR ACEITE',4);
insert into OPERACIONES_REVISIONES (ID,OPERACION,ID_REVISION) values (34,'CAMBIAR FILTRO ACEITE',4);
insert into OPERACIONES_REVISIONES (ID,OPERACION,ID_REVISION) values (35,'CAMBIAR FILTRO AIRE',4);
insert into OPERACIONES_REVISIONES (ID,OPERACION,ID_REVISION) values (36,'CAMBIAR FILTRO DE COMBUSTIBLE',4);
insert into OPERACIONES_REVISIONES (ID,OPERACION,ID_REVISION) values (37,'SUSTITUIR PASTAS DE FRENO Y BANDAS TRASERAS',4);
insert into OPERACIONES_REVISIONES (ID,OPERACION,ID_REVISION) values (38,'CAMBIAR ACEITE DE DIRECCION, TRANSMISION Y CAJA DE VELOCIDADES',4);
insert into OPERACIONES_REVISIONES (ID,OPERACION,ID_REVISION) values (39,'REVISAR AIRE DE LLANTAS',4);
insert into OPERACIONES_REVISIONES (ID,OPERACION,ID_REVISION) values (40,'ALINEACION, BALANCEO Y ROTACION DE LLANTAS',4);
insert into OPERACIONES_REVISIONES (ID,OPERACION,ID_REVISION) values (41,'CALIBRAR LOS FRENOS',4);
insert into OPERACIONES_REVISIONES (ID,OPERACION,ID_REVISION) values (42,'COMPROBAR LA TENSION DEL AMBREGUE O FRENO',4);
insert into OPERACIONES_REVISIONES (ID,OPERACION,ID_REVISION) values (43,'COMPROBAR LA TENSION DE LA CORREA DEL MOTOR',4);
insert into OPERACIONES_REVISIONES (ID,OPERACION,ID_REVISION) values (44,'ENGRASAR LOS RODAMIENTOS DE LAS LLANTAS DE ATRÁS',4);
insert into OPERACIONES_REVISIONES (ID,OPERACION,ID_REVISION) values (45,'HACER MANTENIMIENTO Y SONDEO DEL RADIADOR',4);
insert into OPERACIONES_REVISIONES (ID,OPERACION,ID_REVISION) values (46,'CAMBIAR ACEITE',5);
insert into OPERACIONES_REVISIONES (ID,OPERACION,ID_REVISION) values (47,'CAMBIAR FILTRO ACEITE',5);
insert into OPERACIONES_REVISIONES (ID,OPERACION,ID_REVISION) values (48,'CAMBIAR FILTRO AIRE',5);
insert into OPERACIONES_REVISIONES (ID,OPERACION,ID_REVISION) values (49,'CAMBIAR FILTRO DE COMBUSTIBLE',5);
insert into OPERACIONES_REVISIONES (ID,OPERACION,ID_REVISION) values (50,'SUSTITUIR PASTAS DE FRENO Y BANDAS TRASERAS',5);
insert into OPERACIONES_REVISIONES (ID,OPERACION,ID_REVISION) values (51,'CAMBIAR ACEITE DE DIRECCION, TRANSMISION Y CAJA DE VELOCIDADES',5);
insert into OPERACIONES_REVISIONES (ID,OPERACION,ID_REVISION) values (52,'REVISAR AIRE DE LLANTAS',5);
insert into OPERACIONES_REVISIONES (ID,OPERACION,ID_REVISION) values (53,'ALINEACION, BALANCEO Y ROTACION DE LLANTAS',5);
insert into OPERACIONES_REVISIONES (ID,OPERACION,ID_REVISION) values (54,'CALIBRAR LOS FRENOS',5);
insert into OPERACIONES_REVISIONES (ID,OPERACION,ID_REVISION) values (55,'COMPROBAR LA TENSION DEL AMBREGUE O FRENO',5);
insert into OPERACIONES_REVISIONES (ID,OPERACION,ID_REVISION) values (56,'COMPROBAR LA TENSION DE LA CORREA DEL MOTOR',5);
insert into OPERACIONES_REVISIONES (ID,OPERACION,ID_REVISION) values (57,'ENGRASAR LOS RODAMIENTOS DE LAS LLANTAS DE ATRÁS',5);
insert into OPERACIONES_REVISIONES (ID,OPERACION,ID_REVISION) values (58,'HACER MANTENIMIENTO Y SONDEO DEL RADIADOR',5);
insert into OPERACIONES_REVISIONES (ID,OPERACION,ID_REVISION) values (59,'SINCRONIZAR EL MOTOR DE INYECCION O DE CARBURADOR',5);
insert into OPERACIONES_REVISIONES (ID,OPERACION,ID_REVISION) values (60,'AJUSTAR LA SUSPENSIÓN',5);
insert into OPERACIONES_REVISIONES (ID,OPERACION,ID_REVISION) values (61,'ALINEACION, BALANCEO Y ROTACION DE LLANTAS',6);
insert into OPERACIONES_REVISIONES (ID,OPERACION,ID_REVISION) values (62,'AJUSTAR LA SUSPENSIÓN',6);
insert into OPERACIONES_REVISIONES (ID,OPERACION,ID_REVISION) values (63,'SINCRONIZAR EL MOTOR',6);
insert into OPERACIONES_REVISIONES (ID,OPERACION,ID_REVISION) values (64,'CAMBIAR PASTAS DE FRENO',6);
insert into OPERACIONES_REVISIONES (ID,OPERACION,ID_REVISION) values (65,'CAMBIAR LIQUIDO DE FRENO',6);
insert into OPERACIONES_REVISIONES (ID,OPERACION,ID_REVISION) values (66,'CAMBIAR BUJIAS DE ENCENDIDO',6);
insert into OPERACIONES_REVISIONES (ID,OPERACION,ID_REVISION) values (67,'CAMBIAR CORREAS DEL MOTOR',6);
insert into OPERACIONES_REVISIONES (ID,OPERACION,ID_REVISION) values (68,'CAMBIAR CABLES DE ALTA',6);
insert into OPERACIONES_REVISIONES (ID,OPERACION,ID_REVISION) values (69,'REALIZAR PERITAJE ESPECIALIZADO',6);
insert into OPERACIONES_REVISIONES (ID,OPERACION,ID_REVISION) values (70,'SUSTITUIR EL LIQUIDO REFRIGERANTE DE RADIADOR, ACEITE Y SU FILTRO',6);



insert into MANTENIMIENTOS (ID,FECHA_MANTENIMIENTO,HORA_ENTRADA,HORA_SALIDA,ID_EMPLEADO,ESTADO,OBSERVACIONES,ID_VEHICULO,ID_REVISION) values (1,TO_DATE('12/12/2019','dd/mm/yyyy'),TO_DATE('14:00','HH24:MI:SS'),TO_DATE('15:30','HH24:MI:SS'),1,'REALIZADO','',1,1);
insert into MANTENIMIENTOS (ID,FECHA_MANTENIMIENTO,HORA_ENTRADA,HORA_SALIDA,ID_EMPLEADO,OBSERVACIONES,ID_VEHICULO,ID_REVISION) values (2,TO_DATE('13/12/2018','dd/mm/yyyy'),TO_DATE('6:00','HH24:MI:SS'),TO_DATE('14:00','HH24:MI:SS'),2,'',2,2);
insert into MANTENIMIENTOS (ID,FECHA_MANTENIMIENTO,HORA_ENTRADA,HORA_SALIDA,ID_EMPLEADO,OBSERVACIONES,ID_VEHICULO,ID_REVISION) values (3,TO_DATE('14/12/2018','dd/mm/yyyy'),TO_DATE('7:00','HH24:MI:SS'),TO_DATE('11:00','HH24:MI:SS'),3,'',3,3);
insert into MANTENIMIENTOS (ID,FECHA_MANTENIMIENTO,HORA_ENTRADA,HORA_SALIDA,ID_EMPLEADO,OBSERVACIONES,ID_VEHICULO,ID_REVISION) values (4,TO_DATE('15/12/2018','dd/mm/yyyy'),TO_DATE('8:00','HH24:MI:SS'),TO_DATE('11:00','HH24:MI:SS'),4,'',3,4);
insert into MANTENIMIENTOS (ID,FECHA_MANTENIMIENTO,HORA_ENTRADA,HORA_SALIDA,ID_EMPLEADO,ESTADO,OBSERVACIONES,ID_VEHICULO,ID_REVISION) values (5,TO_DATE('16/12/2018','dd/mm/yyyy'),TO_DATE('9:00','HH24:MI:SS'),TO_DATE('17:00','HH24:MI:SS'),5,'REALIZADO','',4,5);
insert into MANTENIMIENTOS (ID,FECHA_MANTENIMIENTO,HORA_ENTRADA,HORA_SALIDA,ID_EMPLEADO,ESTADO,OBSERVACIONES,ID_VEHICULO,ID_REVISION) values (6,TO_DATE('17/12/2018','dd/mm/yyyy'),TO_DATE('10:00','HH24:MI:SS'),TO_DATE('18:00','HH24:MI:SS'),6,'REALIZADO','',1,2);
insert into MANTENIMIENTOS (ID,FECHA_MANTENIMIENTO,HORA_ENTRADA,HORA_SALIDA,ID_EMPLEADO,ESTADO,OBSERVACIONES,ID_VEHICULO,ID_REVISION) values (7,TO_DATE('18/12/2018','dd/mm/yyyy'),TO_DATE('11:00','HH24:MI:SS'),TO_DATE('17:00','HH24:MI:SS'),7,'REALIZADO','',2,1);
insert into MANTENIMIENTOS (ID,FECHA_MANTENIMIENTO,HORA_ENTRADA,HORA_SALIDA,ID_EMPLEADO,ESTADO,OBSERVACIONES,ID_VEHICULO,ID_REVISION) values (8,TO_DATE('19/12/2018','dd/mm/yyyy'),TO_DATE('12:00','HH24:MI:SS'),TO_DATE('18:00','HH24:MI:SS'),8,'REALIZADO','',1,2);
insert into MANTENIMIENTOS (ID,FECHA_MANTENIMIENTO,HORA_ENTRADA,HORA_SALIDA,ID_EMPLEADO,OBSERVACIONES,ID_VEHICULO,ID_REVISION) values (9,TO_DATE('20/12/2018','dd/mm/yyyy'),TO_DATE('13:00','HH24:MI:SS'),TO_DATE('17:30','HH24:MI:SS'),9,'',2,3);
insert into MANTENIMIENTOS (ID,FECHA_MANTENIMIENTO,HORA_ENTRADA,HORA_SALIDA,ID_EMPLEADO,OBSERVACIONES,ID_VEHICULO,ID_REVISION) values (10,TO_DATE('21/12/2018','dd/mm/yyyy'),TO_DATE('14:00','HH24:MI:SS'),TO_DATE('15:45','HH24:MI:SS'),10,'',4,4);
insert into MANTENIMIENTOS (ID,FECHA_MANTENIMIENTO,HORA_ENTRADA,HORA_SALIDA,ID_EMPLEADO,OBSERVACIONES,ID_VEHICULO,ID_REVISION) values (11,TO_DATE('22/12/2018','dd/mm/yyyy'),TO_DATE('15:00','HH24:MI:SS'),TO_DATE('17:50','HH24:MI:SS'),11,'',1,3);
insert into MANTENIMIENTOS (ID,FECHA_MANTENIMIENTO,HORA_ENTRADA,HORA_SALIDA,ID_EMPLEADO,OBSERVACIONES,ID_VEHICULO,ID_REVISION) values (12,TO_DATE('23/12/2018','dd/mm/yyyy'),TO_DATE('11:00','HH24:MI:SS'),TO_DATE('14:00','HH24:MI:SS'),12,'',5,6);
insert into MANTENIMIENTOS (ID,FECHA_MANTENIMIENTO,HORA_ENTRADA,HORA_SALIDA,ID_EMPLEADO,OBSERVACIONES,ID_VEHICULO,ID_REVISION) values (13,TO_DATE('24/12/2018','dd/mm/yyyy'),TO_DATE('8:00','HH24:MI:SS'),TO_DATE('15:00','HH24:MI:SS'),13,'',3,2);
insert into MANTENIMIENTOS (ID,FECHA_MANTENIMIENTO,HORA_ENTRADA,HORA_SALIDA,ID_EMPLEADO,OBSERVACIONES,ID_VEHICULO,ID_REVISION) values (14,TO_DATE('25/12/2018','dd/mm/yyyy'),TO_DATE('8:00','HH24:MI:SS'),TO_DATE('16:00','HH24:MI:SS'),14,'',1,4);
insert into MANTENIMIENTOS (ID,FECHA_MANTENIMIENTO,HORA_ENTRADA,HORA_SALIDA,ID_EMPLEADO,ESTADO,OBSERVACIONES,ID_VEHICULO,ID_REVISION) values (15,TO_DATE('26/12/2018','dd/mm/yyyy'),TO_DATE('9:00','HH24:MI:SS'),TO_DATE('17:00','HH24:MI:SS'),15,'REALIZADO','',2,4);
insert into MANTENIMIENTOS (ID,FECHA_MANTENIMIENTO,HORA_ENTRADA,HORA_SALIDA,ID_EMPLEADO,ESTADO,OBSERVACIONES,ID_VEHICULO,ID_REVISION) values (16,TO_DATE('27/12/2018','dd/mm/yyyy'),TO_DATE('10:00','HH24:MI:SS'),TO_DATE('18:00','HH24:MI:SS'),16,'REALIZADO','',3,1);
insert into MANTENIMIENTOS (ID,FECHA_MANTENIMIENTO,HORA_ENTRADA,HORA_SALIDA,ID_EMPLEADO,ESTADO,OBSERVACIONES,ID_VEHICULO,ID_REVISION) values (17,TO_DATE('28/12/2018','dd/mm/yyyy'),TO_DATE('10:00','HH24:MI:SS'),TO_DATE('17:00','HH24:MI:SS'),17,'REALIZADO','',4,3);
insert into MANTENIMIENTOS (ID,FECHA_MANTENIMIENTO,HORA_ENTRADA,HORA_SALIDA,ID_EMPLEADO,ESTADO,OBSERVACIONES,ID_VEHICULO,ID_REVISION) values (18,TO_DATE('29/12/2018','dd/mm/yyyy'),TO_DATE('10:00','HH24:MI:SS'),TO_DATE('14:00','HH24:MI:SS'),18,'REALIZADO','',5,5);
insert into MANTENIMIENTOS (ID,FECHA_MANTENIMIENTO,HORA_ENTRADA,HORA_SALIDA,ID_EMPLEADO,ESTADO,OBSERVACIONES,ID_VEHICULO,ID_REVISION) values (19,TO_DATE('30/12/2018','dd/mm/yyyy'),TO_DATE('10:00','HH24:MI:SS'),TO_DATE('17:00','HH24:MI:SS'),19,'REALIZADO','',6,1);



insert into ENVIO_MERCANCIA (ID,NUMERO_GUIA,PESO_REAL,ANCHO,ALTO,LARGO,PESO_VOLUMEN,TIPO_SERVICIO,FECHA_HORA_DESPACHO,ID_CLIENTE_REMITE,ID_CLIENTE_DESTINO,FECHA_HORA_ENTREGA,OBSERVACIONES,ID_CIUDAD_ORIGEN,ID_CIUDAD_DESTINO,ID_CODIGO_POSTAL_ORIGEN,ID_CODIGO_POSTAL_DESTINO,UNIDADES,FLETE_FIJO,FLETE_VARIABLE,OTROS_VALORES,VALOR_SERVICIO,ID_ESTADO) values (1,1,1000,120,200,160,1536000000,'CARGA AEREA',TO_DATE('4/12/2018 10:00:00','dd-mm-yyyy hh24:mi:ss'),1,2,TO_DATE('5/12/2018 17:00:00','dd-mm-yyyy hh24:mi:ss'),'',1,6,1,6,28,176857,153862,247610,578329,1);
insert into ENVIO_MERCANCIA (ID,NUMERO_GUIA,PESO_REAL,ANCHO,ALTO,LARGO,PESO_VOLUMEN,TIPO_SERVICIO,FECHA_HORA_DESPACHO,ID_CLIENTE_REMITE,ID_CLIENTE_DESTINO,FECHA_HORA_ENTREGA,OBSERVACIONES,ID_CIUDAD_ORIGEN,ID_CIUDAD_DESTINO,ID_CODIGO_POSTAL_ORIGEN,ID_CODIGO_POSTAL_DESTINO,UNIDADES,FLETE_FIJO,FLETE_VARIABLE,OTROS_VALORES,VALOR_SERVICIO,ID_ESTADO) values (2,2,2000,123,123,200,1210320000,'CARGA AEREA',TO_DATE('5/12/2018 10:00:00','dd-mm-yyyy hh24:mi:ss'),2,3,TO_DATE('6/12/2018 17:30:00','dd-mm-yyyy hh24:mi:ss'),'',2,6,2,6,23,138052,160867,238270,537189,1);
insert into ENVIO_MERCANCIA (ID,NUMERO_GUIA,PESO_REAL,ANCHO,ALTO,LARGO,PESO_VOLUMEN,TIPO_SERVICIO,FECHA_HORA_DESPACHO,ID_CLIENTE_REMITE,ID_CLIENTE_DESTINO,FECHA_HORA_ENTREGA,OBSERVACIONES,ID_CIUDAD_ORIGEN,ID_CIUDAD_DESTINO,ID_CODIGO_POSTAL_ORIGEN,ID_CODIGO_POSTAL_DESTINO,UNIDADES,FLETE_FIJO,FLETE_VARIABLE,OTROS_VALORES,VALOR_SERVICIO,ID_ESTADO) values (3,3,60.5,124,90,198,883872000,'MERCANCIA',TO_DATE('6/12/2018 10:00:00','dd-mm-yyyy hh24:mi:ss'),1,8,TO_DATE('7/12/2018 18:00:00','dd-mm-yyyy hh24:mi:ss'),'',11,5,11,5,41,161821,121868,236610,520299,2);
insert into ENVIO_MERCANCIA (ID,NUMERO_GUIA,PESO_REAL,ANCHO,ALTO,LARGO,PESO_VOLUMEN,TIPO_SERVICIO,FECHA_HORA_DESPACHO,ID_CLIENTE_REMITE,ID_CLIENTE_DESTINO,FECHA_HORA_ENTREGA,OBSERVACIONES,ID_CIUDAD_ORIGEN,ID_CIUDAD_DESTINO,ID_CODIGO_POSTAL_ORIGEN,ID_CODIGO_POSTAL_DESTINO,UNIDADES,FLETE_FIJO,FLETE_VARIABLE,OTROS_VALORES,VALOR_SERVICIO,ID_ESTADO) values (4,4,70,124,87,178,768105600,'MENSAJERIA',TO_DATE('7/12/2018 10:00:00','dd-mm-yyyy hh24:mi:ss'),2,10,TO_DATE('8/12/2018 18:00:00','dd-mm-yyyy hh24:mi:ss'),'',10,4,10,4,46,174578,201220,0,375798,6);
insert into ENVIO_MERCANCIA (ID,NUMERO_GUIA,PESO_REAL,ANCHO,ALTO,LARGO,PESO_VOLUMEN,TIPO_SERVICIO,FECHA_HORA_DESPACHO,ID_CLIENTE_REMITE,ID_CLIENTE_DESTINO,FECHA_HORA_ENTREGA,OBSERVACIONES,ID_CIUDAD_ORIGEN,ID_CIUDAD_DESTINO,ID_CODIGO_POSTAL_ORIGEN,ID_CODIGO_POSTAL_DESTINO,UNIDADES,FLETE_FIJO,FLETE_VARIABLE,OTROS_VALORES,VALOR_SERVICIO,ID_ESTADO) values (5,5,100,126,30,156,235872000,'CARGA AEREA',TO_DATE('8/12/2018 10:00:00','dd-mm-yyyy hh24:mi:ss'),3,9,TO_DATE('9/12/2018 19:00:00','dd-mm-yyyy hh24:mi:ss'),'',17,3,17,3,26,100524,162721,0,263245,5);
insert into ENVIO_MERCANCIA (ID,NUMERO_GUIA,PESO_REAL,ANCHO,ALTO,LARGO,PESO_VOLUMEN,TIPO_SERVICIO,FECHA_HORA_DESPACHO,ID_CLIENTE_REMITE,ID_CLIENTE_DESTINO,FECHA_HORA_ENTREGA,OBSERVACIONES,ID_CIUDAD_ORIGEN,ID_CIUDAD_DESTINO,ID_CODIGO_POSTAL_ORIGEN,ID_CODIGO_POSTAL_DESTINO,UNIDADES,FLETE_FIJO,FLETE_VARIABLE,OTROS_VALORES,VALOR_SERVICIO,ID_ESTADO) values (6,6,85,150,178,176,1879680000,'CARGA AEREA',TO_DATE('9/12/2018 10:00:00','dd-mm-yyyy hh24:mi:ss'),2,1,TO_DATE('10/12/2018 18:30:00','dd-mm-yyyy hh24:mi:ss'),'',5,2,5,2,46,195689,0,0,195689,4);
insert into ENVIO_MERCANCIA (ID,NUMERO_GUIA,PESO_REAL,ANCHO,ALTO,LARGO,PESO_VOLUMEN,TIPO_SERVICIO,FECHA_HORA_DESPACHO,ID_CLIENTE_REMITE,ID_CLIENTE_DESTINO,FECHA_HORA_ENTREGA,OBSERVACIONES,ID_CIUDAD_ORIGEN,ID_CIUDAD_DESTINO,ID_CODIGO_POSTAL_ORIGEN,ID_CODIGO_POSTAL_DESTINO,UNIDADES,FLETE_FIJO,FLETE_VARIABLE,OTROS_VALORES,VALOR_SERVICIO,ID_ESTADO) values (7,7,88,160,156,145,1447680000,'MERCANCIA',TO_DATE('10/12/2018 10:00:00','dd-mm-yyyy hh24:mi:ss'),3,12,TO_DATE('11/12/2018 14:00:00','dd-mm-yyyy hh24:mi:ss'),'DELICADO',9,1,9,1,17,186439,213286,0,399725,4);
insert into ENVIO_MERCANCIA (ID,NUMERO_GUIA,PESO_REAL,ANCHO,ALTO,LARGO,PESO_VOLUMEN,TIPO_SERVICIO,FECHA_HORA_DESPACHO,ID_CLIENTE_REMITE,ID_CLIENTE_DESTINO,FECHA_HORA_ENTREGA,OBSERVACIONES,ID_CIUDAD_ORIGEN,ID_CIUDAD_DESTINO,ID_CODIGO_POSTAL_ORIGEN,ID_CODIGO_POSTAL_DESTINO,UNIDADES,FLETE_FIJO,FLETE_VARIABLE,OTROS_VALORES,VALOR_SERVICIO,ID_ESTADO) values (8,8,87,200,176,143,2013440000,'CARGA AEREA',TO_DATE('11/12/2018 10:00:00','dd-mm-yyyy hh24:mi:ss'),18,2,TO_DATE('11/12/2018 12:30:00','dd-mm-yyyy hh24:mi:ss'),'',1,3,1,3,24,145992,0,206243,352235,6);
insert into ENVIO_MERCANCIA (ID,NUMERO_GUIA,PESO_REAL,ANCHO,ALTO,LARGO,PESO_VOLUMEN,TIPO_SERVICIO,FECHA_HORA_DESPACHO,ID_CLIENTE_REMITE,ID_CLIENTE_DESTINO,FECHA_HORA_ENTREGA,OBSERVACIONES,ID_CIUDAD_ORIGEN,ID_CIUDAD_DESTINO,ID_CODIGO_POSTAL_ORIGEN,ID_CODIGO_POSTAL_DESTINO,UNIDADES,FLETE_FIJO,FLETE_VARIABLE,OTROS_VALORES,VALOR_SERVICIO,ID_ESTADO) values (9,9,65,198,145,176,2021184000,'MERCANCIA',TO_DATE('12/12/2018 10:00:00','dd-mm-yyyy hh24:mi:ss'),4,15,TO_DATE('12/12/2018 10:50:00','dd-mm-yyyy hh24:mi:ss'),'',1,6,1,6,21,118515,0,177126,295641,5);
insert into ENVIO_MERCANCIA (ID,NUMERO_GUIA,PESO_REAL,ANCHO,ALTO,LARGO,PESO_VOLUMEN,TIPO_SERVICIO,FECHA_HORA_DESPACHO,ID_CLIENTE_REMITE,ID_CLIENTE_DESTINO,FECHA_HORA_ENTREGA,OBSERVACIONES,ID_CIUDAD_ORIGEN,ID_CIUDAD_DESTINO,ID_CODIGO_POSTAL_ORIGEN,ID_CODIGO_POSTAL_DESTINO,UNIDADES,FLETE_FIJO,FLETE_VARIABLE,OTROS_VALORES,VALOR_SERVICIO,ID_ESTADO) values (10,10,45,178,124,200,1765760000,'MENSAJERIA',TO_DATE('13/12/2018 10:00:00','dd-mm-yyyy hh24:mi:ss'),5,14,TO_DATE('13/12/2018 13:40:00','dd-mm-yyyy hh24:mi:ss'),'',5,6,5,6,6,210451,145250,0,355701,5);
insert into ENVIO_MERCANCIA (ID,NUMERO_GUIA,PESO_REAL,ANCHO,ALTO,LARGO,PESO_VOLUMEN,TIPO_SERVICIO,FECHA_HORA_DESPACHO,ID_CLIENTE_REMITE,ID_CLIENTE_DESTINO,FECHA_HORA_ENTREGA,OBSERVACIONES,ID_CIUDAD_ORIGEN,ID_CIUDAD_DESTINO,ID_CODIGO_POSTAL_ORIGEN,ID_CODIGO_POSTAL_DESTINO,UNIDADES,FLETE_FIJO,FLETE_VARIABLE,OTROS_VALORES,VALOR_SERVICIO,ID_ESTADO) values (11,11,78,156,124,123,951724800,'CARGA AEREA',TO_DATE('14/12/2018 10:00:00','dd-mm-yyyy hh24:mi:ss'),6,8,TO_DATE('14/12/2018 13:00:00','dd-mm-yyyy hh24:mi:ss'),'',6,3,6,3,28,252085,313837,0,565922,6);
insert into ENVIO_MERCANCIA (ID,NUMERO_GUIA,PESO_REAL,ANCHO,ALTO,LARGO,PESO_VOLUMEN,TIPO_SERVICIO,FECHA_HORA_DESPACHO,ID_CLIENTE_REMITE,ID_CLIENTE_DESTINO,FECHA_HORA_ENTREGA,OBSERVACIONES,ID_CIUDAD_ORIGEN,ID_CIUDAD_DESTINO,ID_CODIGO_POSTAL_ORIGEN,ID_CODIGO_POSTAL_DESTINO,UNIDADES,FLETE_FIJO,FLETE_VARIABLE,OTROS_VALORES,VALOR_SERVICIO,ID_ESTADO) values (12,12,90,176,126,120,1064448000,'MERCANCIA',TO_DATE('15/12/2018 10:00:00','dd-mm-yyyy hh24:mi:ss'),1,11,TO_DATE('15/12/2018 15:00:00','dd-mm-yyyy hh24:mi:ss'),'',11,4,11,4,35,232636,119938,120962,473536,2);
insert into ENVIO_MERCANCIA (ID,NUMERO_GUIA,PESO_REAL,ANCHO,ALTO,LARGO,PESO_VOLUMEN,TIPO_SERVICIO,FECHA_HORA_DESPACHO,ID_CLIENTE_REMITE,ID_CLIENTE_DESTINO,FECHA_HORA_ENTREGA,OBSERVACIONES,ID_CIUDAD_ORIGEN,ID_CIUDAD_DESTINO,ID_CODIGO_POSTAL_ORIGEN,ID_CODIGO_POSTAL_DESTINO,UNIDADES,FLETE_FIJO,FLETE_VARIABLE,OTROS_VALORES,VALOR_SERVICIO,ID_ESTADO) values (13,13,23,145,150,123,1070100000,'MENSAJERIA',TO_DATE('16/12/2018 10:00:00','dd-mm-yyyy hh24:mi:ss'),4,16,TO_DATE('17/12/2018 15:30:00','dd-mm-yyyy hh24:mi:ss'),'',2,3,2,3,48,107970,197794,196193,501957,2);
insert into ENVIO_MERCANCIA (ID,NUMERO_GUIA,PESO_REAL,ANCHO,ALTO,LARGO,PESO_VOLUMEN,TIPO_SERVICIO,FECHA_HORA_DESPACHO,ID_CLIENTE_REMITE,ID_CLIENTE_DESTINO,FECHA_HORA_ENTREGA,OBSERVACIONES,ID_CIUDAD_ORIGEN,ID_CIUDAD_DESTINO,ID_CODIGO_POSTAL_ORIGEN,ID_CODIGO_POSTAL_DESTINO,UNIDADES,FLETE_FIJO,FLETE_VARIABLE,OTROS_VALORES,VALOR_SERVICIO,ID_ESTADO) values (14,14,45,143,160,124,1134848000,'MERCANCIA',TO_DATE('17/12/2018 10:00:00','dd-mm-yyyy hh24:mi:ss'),3,2,TO_DATE('18/12/2018 16:00:00','dd-mm-yyyy hh24:mi:ss'),'',3,2,3,2,12,170530,138440,106053,415023,2);
insert into ENVIO_MERCANCIA (ID,NUMERO_GUIA,PESO_REAL,ANCHO,ALTO,LARGO,PESO_VOLUMEN,TIPO_SERVICIO,FECHA_HORA_DESPACHO,ID_CLIENTE_REMITE,ID_CLIENTE_DESTINO,FECHA_HORA_ENTREGA,OBSERVACIONES,ID_CIUDAD_ORIGEN,ID_CIUDAD_DESTINO,ID_CODIGO_POSTAL_ORIGEN,ID_CODIGO_POSTAL_DESTINO,UNIDADES,FLETE_FIJO,FLETE_VARIABLE,OTROS_VALORES,VALOR_SERVICIO,ID_ESTADO) values (15,15,36,176,200,124,1745920000,'CARGA AEREA',TO_DATE('18/12/2018 10:00:00','dd-mm-yyyy hh24:mi:ss'),2,17,TO_DATE('19/12/2018 16:20:00','dd-mm-yyyy hh24:mi:ss'),'',4,1,4,1,15,218704,290243,0,508947,2);
insert into ENVIO_MERCANCIA (ID,NUMERO_GUIA,PESO_REAL,ANCHO,ALTO,LARGO,PESO_VOLUMEN,TIPO_SERVICIO,FECHA_HORA_DESPACHO,ID_CLIENTE_REMITE,ID_CLIENTE_DESTINO,FECHA_HORA_ENTREGA,OBSERVACIONES,ID_CIUDAD_ORIGEN,ID_CIUDAD_DESTINO,ID_CODIGO_POSTAL_ORIGEN,ID_CODIGO_POSTAL_DESTINO,UNIDADES,FLETE_FIJO,FLETE_VARIABLE,OTROS_VALORES,VALOR_SERVICIO,ID_ESTADO) values (16,16,76,200,120,126,1209600000,'MERCANCIA',TO_DATE('8/12/2018 10:00:00','dd-mm-yyyy hh24:mi:ss'),10,11,TO_DATE('20/12/2018 16:50:00','dd-mm-yyyy hh24:mi:ss'),'DELICADO',18,11,18,11,24,260724,202718,0,463442,3);
insert into ENVIO_MERCANCIA (ID,NUMERO_GUIA,PESO_REAL,ANCHO,ALTO,LARGO,PESO_VOLUMEN,TIPO_SERVICIO,FECHA_HORA_DESPACHO,ID_CLIENTE_REMITE,ID_CLIENTE_DESTINO,FECHA_HORA_ENTREGA,OBSERVACIONES,ID_CIUDAD_ORIGEN,ID_CIUDAD_DESTINO,ID_CODIGO_POSTAL_ORIGEN,ID_CODIGO_POSTAL_DESTINO,UNIDADES,FLETE_FIJO,FLETE_VARIABLE,OTROS_VALORES,VALOR_SERVICIO,ID_ESTADO) values (17,17,65,123,123,200,1210320000,'MENSAJERIA',TO_DATE('9/12/2018 10:00:00','dd-mm-yyyy hh24:mi:ss'),11,10,TO_DATE('9/12/2018 17:00:00','dd-mm-yyyy hh24:mi:ss'),'DELICADO',17,10,17,10,29,187949,0,0,187949,3);
insert into ENVIO_MERCANCIA (ID,NUMERO_GUIA,PESO_REAL,ANCHO,ALTO,LARGO,PESO_VOLUMEN,TIPO_SERVICIO,FECHA_HORA_DESPACHO,ID_CLIENTE_REMITE,ID_CLIENTE_DESTINO,FECHA_HORA_ENTREGA,OBSERVACIONES,ID_CIUDAD_ORIGEN,ID_CIUDAD_DESTINO,ID_CODIGO_POSTAL_ORIGEN,ID_CODIGO_POSTAL_DESTINO,UNIDADES,FLETE_FIJO,FLETE_VARIABLE,OTROS_VALORES,VALOR_SERVICIO,ID_ESTADO) values (18,18,87,90,124,123,549072000,'CARGA AEREA',TO_DATE('10/12/2018 10:00:00','dd-mm-yyyy hh24:mi:ss'),12,18,TO_DATE('11/12/2018 15:50:00','dd-mm-yyyy hh24:mi:ss'),'DELICADO',17,20,17,20,5,262324,0,218470,480794,5);
insert into ENVIO_MERCANCIA (ID,NUMERO_GUIA,PESO_REAL,ANCHO,ALTO,LARGO,PESO_VOLUMEN,TIPO_SERVICIO,FECHA_HORA_DESPACHO,ID_CLIENTE_REMITE,ID_CLIENTE_DESTINO,FECHA_HORA_ENTREGA,OBSERVACIONES,ID_CIUDAD_ORIGEN,ID_CIUDAD_DESTINO,ID_CODIGO_POSTAL_ORIGEN,ID_CODIGO_POSTAL_DESTINO,UNIDADES,FLETE_FIJO,FLETE_VARIABLE,OTROS_VALORES,VALOR_SERVICIO,ID_ESTADO) values (19,19,98,87,124,90,388368000,'MERCANCIA',TO_DATE('11/12/2018 10:00:00','dd-mm-yyyy hh24:mi:ss'),12,20,TO_DATE('11/12/2018 16:30:00','dd-mm-yyyy hh24:mi:ss'),'DELICADO',14,5,14,5,4,310571,247819,175833,734223,1);
insert into ENVIO_MERCANCIA (ID,NUMERO_GUIA,PESO_REAL,ANCHO,ALTO,LARGO,PESO_VOLUMEN,TIPO_SERVICIO,FECHA_HORA_DESPACHO,ID_CLIENTE_REMITE,ID_CLIENTE_DESTINO,FECHA_HORA_ENTREGA,OBSERVACIONES,ID_CIUDAD_ORIGEN,ID_CIUDAD_DESTINO,ID_CODIGO_POSTAL_ORIGEN,ID_CODIGO_POSTAL_DESTINO,UNIDADES,FLETE_FIJO,FLETE_VARIABLE,OTROS_VALORES,VALOR_SERVICIO,ID_ESTADO) values (20,20,43,30,126,87,131544000,'MENSAJERIA',TO_DATE('5/12/2018 10:00:00','dd-mm-yyyy hh24:mi:ss'),14,1,TO_DATE('6/12/2018 17:09:00','dd-mm-yyyy hh24:mi:ss'),'',20,11,20,11,4,317812,247819,0,565631,5);




