--------------------------------------------------------
-- Archivo creado  - jueves-abril-25-2019   
--------------------------------------------------------
--------------------------------------------------------
--  DDL for Sequence CENTRO_RECIBOS_EMPLEADOS_SEQ
--------------------------------------------------------

   CREATE SEQUENCE  "AMARTINEZG"."CENTRO_RECIBOS_EMPLEADOS_SEQ"  MINVALUE 1 MAXVALUE 9999999999999999999999999999 INCREMENT BY 1 START WITH 1 CACHE 20 NOORDER  NOCYCLE  NOKEEP  NOSCALE  GLOBAL ;
--------------------------------------------------------
--  DDL for Sequence CENTRO_RECIBOS_SEQ
--------------------------------------------------------

   CREATE SEQUENCE  "AMARTINEZG"."CENTRO_RECIBOS_SEQ"  MINVALUE 1 MAXVALUE 9999999999999999999999999999 INCREMENT BY 1 START WITH 1 CACHE 20 NOORDER  NOCYCLE  NOKEEP  NOSCALE  GLOBAL ;
--------------------------------------------------------
--  DDL for Sequence CIUDADES_SEQ
--------------------------------------------------------

   CREATE SEQUENCE  "AMARTINEZG"."CIUDADES_SEQ"  MINVALUE 1 MAXVALUE 9999999999999999999999999999 INCREMENT BY 1 START WITH 1 CACHE 20 NOORDER  NOCYCLE  NOKEEP  NOSCALE  GLOBAL ;
--------------------------------------------------------
--  DDL for Sequence CLIENTES_SEQ
--------------------------------------------------------

   CREATE SEQUENCE  "AMARTINEZG"."CLIENTES_SEQ"  MINVALUE 1 MAXVALUE 9999999999999999999999999999 INCREMENT BY 1 START WITH 1 CACHE 20 NOORDER  NOCYCLE  NOKEEP  NOSCALE  GLOBAL ;
--------------------------------------------------------
--  DDL for Sequence CODIGOS_POSTALES_SEQ
--------------------------------------------------------

   CREATE SEQUENCE  "AMARTINEZG"."CODIGOS_POSTALES_SEQ"  MINVALUE 1 MAXVALUE 9999999999999999999999999999 INCREMENT BY 1 START WITH 1 CACHE 20 NOORDER  NOCYCLE  NOKEEP  NOSCALE  GLOBAL ;
--------------------------------------------------------
--  DDL for Sequence DEPARTAMENTOS_SEQ
--------------------------------------------------------

   CREATE SEQUENCE  "AMARTINEZG"."DEPARTAMENTOS_SEQ"  MINVALUE 1 MAXVALUE 9999999999999999999999999999 INCREMENT BY 1 START WITH 1 CACHE 20 NOORDER  NOCYCLE  NOKEEP  NOSCALE  GLOBAL ;
--------------------------------------------------------
--  DDL for Sequence EMPLEADOS_SEQ
--------------------------------------------------------

   CREATE SEQUENCE  "AMARTINEZG"."EMPLEADOS_SEQ"  MINVALUE 1 MAXVALUE 9999999999999999999999999999 INCREMENT BY 1 START WITH 1 CACHE 20 NOORDER  NOCYCLE  NOKEEP  NOSCALE  GLOBAL ;
--------------------------------------------------------
--  DDL for Sequence ENVIO_MERCANCIA_SEQ
--------------------------------------------------------

   CREATE SEQUENCE  "AMARTINEZG"."ENVIO_MERCANCIA_SEQ"  MINVALUE 1 MAXVALUE 9999999999999999999999999999 INCREMENT BY 1 START WITH 1 CACHE 20 NOORDER  NOCYCLE  NOKEEP  NOSCALE  GLOBAL ;
--------------------------------------------------------
--  DDL for Sequence ESTADO_GUIAS_SEQ
--------------------------------------------------------

   CREATE SEQUENCE  "AMARTINEZG"."ESTADO_GUIAS_SEQ"  MINVALUE 1 MAXVALUE 9999999999999999999999999999 INCREMENT BY 1 START WITH 1 CACHE 20 NOORDER  NOCYCLE  NOKEEP  NOSCALE  GLOBAL ;
--------------------------------------------------------
--  DDL for Sequence MANTENIMIENTOS_SEQ
--------------------------------------------------------

   CREATE SEQUENCE  "AMARTINEZG"."MANTENIMIENTOS_SEQ"  MINVALUE 1 MAXVALUE 9999999999999999999999999999 INCREMENT BY 1 START WITH 1 CACHE 20 NOORDER  NOCYCLE  NOKEEP  NOSCALE  GLOBAL ;
--------------------------------------------------------
--  DDL for Sequence OPERACIONES_REVISIONES_SEQ
--------------------------------------------------------

   CREATE SEQUENCE  "AMARTINEZG"."OPERACIONES_REVISIONES_SEQ"  MINVALUE 1 MAXVALUE 9999999999999999999999999999 INCREMENT BY 1 START WITH 1 CACHE 20 NOORDER  NOCYCLE  NOKEEP  NOSCALE  GLOBAL ;
--------------------------------------------------------
--  DDL for Sequence RASTREO_GUIAS_SEQ
--------------------------------------------------------

   CREATE SEQUENCE  "AMARTINEZG"."RASTREO_GUIAS_SEQ"  MINVALUE 1 MAXVALUE 9999999999999999999999999999 INCREMENT BY 1 START WITH 1 CACHE 20 NOORDER  NOCYCLE  NOKEEP  NOSCALE  GLOBAL ;
--------------------------------------------------------
--  DDL for Sequence REVISIONES_SEQ
--------------------------------------------------------

   CREATE SEQUENCE  "AMARTINEZG"."REVISIONES_SEQ"  MINVALUE 1 MAXVALUE 9999999999999999999999999999 INCREMENT BY 1 START WITH 1 CACHE 20 NOORDER  NOCYCLE  NOKEEP  NOSCALE  GLOBAL ;
--------------------------------------------------------
--  DDL for Sequence VEHICULOS_SEQ
--------------------------------------------------------

   CREATE SEQUENCE  "AMARTINEZG"."VEHICULOS_SEQ"  MINVALUE 1 MAXVALUE 9999999999999999999999999999 INCREMENT BY 1 START WITH 1 CACHE 20 NOORDER  NOCYCLE  NOKEEP  NOSCALE  GLOBAL ;
--------------------------------------------------------
--  DDL for Table CENTRO_RECIBOS
--------------------------------------------------------

  CREATE TABLE "AMARTINEZG"."CENTRO_RECIBOS" 
   (	"ID" NUMBER(*,0), 
	"ID_CIUDAD" NUMBER(*,0), 
	"NOMBRE" VARCHAR2(255), 
	"DIRECCION" VARCHAR2(255), 
	"TELEFONO" NUMBER(*,0), 
	"TIPO_CENTRO_RECIBO" VARCHAR2(255)
   ) ;
--------------------------------------------------------
--  DDL for Table CENTRO_RECIBOS_EMPLEADOS
--------------------------------------------------------

  CREATE TABLE "AMARTINEZG"."CENTRO_RECIBOS_EMPLEADOS" 
   (	"ID" NUMBER(*,0), 
	"ID_EMPLEADO" NUMBER(*,0), 
	"ID_CENTRO_RECIBO" NUMBER(*,0)
   ) ;
--------------------------------------------------------
--  DDL for Table CIUDADES
--------------------------------------------------------

  CREATE TABLE "AMARTINEZG"."CIUDADES" 
   (	"ID" NUMBER(*,0), 
	"CIUDAD" VARCHAR2(255), 
	"ID_DEPARTAMENTO" NUMBER(*,0)
   ) ;
--------------------------------------------------------
--  DDL for Table CLIENTES
--------------------------------------------------------

  CREATE TABLE "AMARTINEZG"."CLIENTES" 
   (	"ID" NUMBER(*,0), 
	"CEDULA" NUMBER(*,0), 
	"NOMBRE" VARCHAR2(255), 
	"TELEFONO" NUMBER(*,0), 
	"DIRECCION" VARCHAR2(255)
   ) ;
--------------------------------------------------------
--  DDL for Table CODIGOS_POSTALES
--------------------------------------------------------

  CREATE TABLE "AMARTINEZG"."CODIGOS_POSTALES" 
   (	"ID" NUMBER(*,0), 
	"ID_CIUDAD" NUMBER(*,0), 
	"CODIGO_POSTAL" NUMBER(*,0)
   ) ;
--------------------------------------------------------
--  DDL for Table DEPARTAMENTOS
--------------------------------------------------------

  CREATE TABLE "AMARTINEZG"."DEPARTAMENTOS" 
   (	"ID" NUMBER(*,0), 
	"DEPARTAMENTO" VARCHAR2(255)
   ) ;
--------------------------------------------------------
--  DDL for Table EMPLEADOS
--------------------------------------------------------

  CREATE TABLE "AMARTINEZG"."EMPLEADOS" 
   (	"ID" NUMBER(*,0), 
	"NOMBRE" VARCHAR2(255), 
	"CEDULA" NUMBER(*,0), 
	"CODIGO_EMPLEADO" NUMBER(*,0), 
	"DIRECCION" VARCHAR2(255), 
	"TELEFONO" NUMBER(*,0), 
	"SALARIO" NUMBER(*,0), 
	"ID_EMPLEADO_JEFE" NUMBER(*,0), 
	"CARGO" VARCHAR2(255)
   ) ;
--------------------------------------------------------
--  DDL for Table ENVIO_MERCANCIA
--------------------------------------------------------

  CREATE TABLE "AMARTINEZG"."ENVIO_MERCANCIA" 
   (	"ID" NUMBER(*,0), 
	"NUMERO_GUIA" NUMBER(*,0), 
	"PESO_REAL" NUMBER(*,0), 
	"ANCHO" FLOAT(126), 
	"ALTO" FLOAT(126), 
	"LARGO" FLOAT(126), 
	"PESO_VOLUMEN" FLOAT(126), 
	"TIPO_SERVICIO" VARCHAR2(255), 
	"FECHA_HORA_DESPACHO" TIMESTAMP (6), 
	"ID_CLIENTE_REMITE" NUMBER(*,0), 
	"ID_CLIENTE_DESTINO" NUMBER(*,0), 
	"FECHA_HORA_ENTREGA" TIMESTAMP (6), 
	"OBSERVACIONES" VARCHAR2(255), 
	"ID_CIUDAD_ORIGEN" NUMBER(*,0), 
	"ID_CIUDAD_DESTINO" NUMBER(*,0), 
	"ID_CODIGO_POSTAL_ORIGEN" NUMBER(*,0), 
	"ID_CODIGO_POSTAL_DESTINO" NUMBER(*,0), 
	"UNIDADES" NUMBER(*,0), 
	"FLETE_FIJO" FLOAT(126), 
	"FLETE_VARIABLE" FLOAT(126), 
	"OTROS_VALORES" FLOAT(126), 
	"VALOR_SERVICIO" NUMBER(*,0), 
	"ID_ESTADO" NUMBER(*,0)
   ) ;
--------------------------------------------------------
--  DDL for Table ESTADO_GUIAS
--------------------------------------------------------

  CREATE TABLE "AMARTINEZG"."ESTADO_GUIAS" 
   (	"ID" NUMBER(*,0), 
	"ESTADO" VARCHAR2(255)
   ) ;
--------------------------------------------------------
--  DDL for Table MANTENIMIENTOS
--------------------------------------------------------

  CREATE TABLE "AMARTINEZG"."MANTENIMIENTOS" 
   (	"ID" NUMBER(*,0), 
	"FECHA_MANTENIMIENTO" DATE, 
	"HORA_ENTRADA" TIMESTAMP (6), 
	"HORA_SALIDA" TIMESTAMP (6), 
	"ID_EMPLEADO" NUMBER(*,0), 
	"ESTADO" VARCHAR2(255) DEFAULT 'NO REALIZADO', 
	"OBSERVACIONES" VARCHAR2(255), 
	"ID_VEHICULO" NUMBER(*,0), 
	"ID_REVISION" NUMBER(*,0)
   ) ;
--------------------------------------------------------
--  DDL for Table OPERACIONES_REVISIONES
--------------------------------------------------------

  CREATE TABLE "AMARTINEZG"."OPERACIONES_REVISIONES" 
   (	"ID" NUMBER(*,0), 
	"OPERACION" VARCHAR2(255), 
	"ID_REVISION" NUMBER(*,0)
   ) ;
--------------------------------------------------------
--  DDL for Table RASTREO_GUIAS
--------------------------------------------------------

  CREATE TABLE "AMARTINEZG"."RASTREO_GUIAS" 
   (	"ID" NUMBER(*,0), 
	"ID_ESTADO_GUIA" NUMBER(*,0), 
	"FECHA_HORA_ESTADO" TIMESTAMP (6)
   ) ;
--------------------------------------------------------
--  DDL for Table REVISIONES
--------------------------------------------------------

  CREATE TABLE "AMARTINEZG"."REVISIONES" 
   (	"ID" NUMBER(*,0), 
	"KILOMETRAJE_REVISION" NUMBER(*,0)
   ) ;
--------------------------------------------------------
--  DDL for Table VEHICULOS
--------------------------------------------------------

  CREATE TABLE "AMARTINEZG"."VEHICULOS" 
   (	"ID" NUMBER(*,0), 
	"MARCA" VARCHAR2(255), 
	"MODELO" NUMBER(*,0), 
	"LINEA" VARCHAR2(255), 
	"TIPO_COMBUSTIBLE" VARCHAR2(255), 
	"KILOMETRAJE" NUMBER(*,0), 
	"CAPACIDAD" VARCHAR2(255), 
	"ID_CENTRO_RECIBO" NUMBER(*,0)
   ) ;
REM INSERTING into AMARTINEZG.CENTRO_RECIBOS
SET DEFINE OFF;
Insert into AMARTINEZG.CENTRO_RECIBOS (ID,ID_CIUDAD,NOMBRE,DIRECCION,TELEFONO,TIPO_CENTRO_RECIBO) values ('1','1','Constructor Antioquia','Calle 33 Sur 77','4463381','CONVENCIONAL');
Insert into AMARTINEZG.CENTRO_RECIBOS (ID,ID_CIUDAD,NOMBRE,DIRECCION,TELEFONO,TIPO_CENTRO_RECIBO) values ('2','9','Bogota Centro','Calle 17 48','6264184','TERMINAL DE CARGA');
Insert into AMARTINEZG.CENTRO_RECIBOS (ID,ID_CIUDAD,NOMBRE,DIRECCION,TELEFONO,TIPO_CENTRO_RECIBO) values ('3','9','Constructor Bogota','Calle2755','6234437','TERMINAL DE CARGA');
Insert into AMARTINEZG.CENTRO_RECIBOS (ID,ID_CIUDAD,NOMBRE,DIRECCION,TELEFONO,TIPO_CENTRO_RECIBO) values ('4','1','Banca en mensajeria','Calle2465','6034146','TERMINAL DE CARGA');
Insert into AMARTINEZG.CENTRO_RECIBOS (ID,ID_CIUDAD,NOMBRE,DIRECCION,TELEFONO,TIPO_CENTRO_RECIBO) values ('5','2','Bucaramanga mercancia','Calle4134','5338487','TERMINAL DE CARGA');
Insert into AMARTINEZG.CENTRO_RECIBOS (ID,ID_CIUDAD,NOMBRE,DIRECCION,TELEFONO,TIPO_CENTRO_RECIBO) values ('6','1','Antioquia mercancia','Calle 28 Norte 60','7329930','TERMINAL DE CARGA');
Insert into AMARTINEZG.CENTRO_RECIBOS (ID,ID_CIUDAD,NOMBRE,DIRECCION,TELEFONO,TIPO_CENTRO_RECIBO) values ('7','2','Bucaramanga Norte','Calle 35 52','6126240','CONVENCIONAL');
Insert into AMARTINEZG.CENTRO_RECIBOS (ID,ID_CIUDAD,NOMBRE,DIRECCION,TELEFONO,TIPO_CENTRO_RECIBO) values ('8','3','Cali Sur','Calle40 Sur 66','3570771','CONVENCIONAL');
Insert into AMARTINEZG.CENTRO_RECIBOS (ID,ID_CIUDAD,NOMBRE,DIRECCION,TELEFONO,TIPO_CENTRO_RECIBO) values ('9','4','Cartagena Centro','Calle28 Sur 71','6432985','CONVENCIONAL');
Insert into AMARTINEZG.CENTRO_RECIBOS (ID,ID_CIUDAD,NOMBRE,DIRECCION,TELEFONO,TIPO_CENTRO_RECIBO) values ('10','3','Cali Norte','Calle26Sur38','5848747','CONVENCIONAL');
Insert into AMARTINEZG.CENTRO_RECIBOS (ID,ID_CIUDAD,NOMBRE,DIRECCION,TELEFONO,TIPO_CENTRO_RECIBO) values ('11','2','Bucaramanga Sur','Calle1077','5263678','CONVENCIONAL');
Insert into AMARTINEZG.CENTRO_RECIBOS (ID,ID_CIUDAD,NOMBRE,DIRECCION,TELEFONO,TIPO_CENTRO_RECIBO) values ('12','1','Antioquia sur','Calle5978','4126322','TERMINAL DE CARGA');
Insert into AMARTINEZG.CENTRO_RECIBOS (ID,ID_CIUDAD,NOMBRE,DIRECCION,TELEFONO,TIPO_CENTRO_RECIBO) values ('13','2','Bucaramanga Centro','Calle5631','3694679','TERMINAL DE CARGA');
Insert into AMARTINEZG.CENTRO_RECIBOS (ID,ID_CIUDAD,NOMBRE,DIRECCION,TELEFONO,TIPO_CENTRO_RECIBO) values ('14','3','Cali Centro','Calle16 Norte 54','3669202','TERMINAL DE CARGA');
Insert into AMARTINEZG.CENTRO_RECIBOS (ID,ID_CIUDAD,NOMBRE,DIRECCION,TELEFONO,TIPO_CENTRO_RECIBO) values ('15','4','Cartagena Mercancia','Calle50 Norte 34','2843383','TERMINAL DE CARGA');
Insert into AMARTINEZG.CENTRO_RECIBOS (ID,ID_CIUDAD,NOMBRE,DIRECCION,TELEFONO,TIPO_CENTRO_RECIBO) values ('16','2','Bucaramanga mensajeria','Calle27 Norte 71','3188925','TERMINAL DE CARGA');
Insert into AMARTINEZG.CENTRO_RECIBOS (ID,ID_CIUDAD,NOMBRE,DIRECCION,TELEFONO,TIPO_CENTRO_RECIBO) values ('17','1','Oficinas Del Exterior','Calle27 Norte70','3590805','TERMINAL DE CARGA');
Insert into AMARTINEZG.CENTRO_RECIBOS (ID,ID_CIUDAD,NOMBRE,DIRECCION,TELEFONO,TIPO_CENTRO_RECIBO) values ('18','1','Antioquia centro','Calle31 Norte 22','2561155','CONVENCIONAL');
Insert into AMARTINEZG.CENTRO_RECIBOS (ID,ID_CIUDAD,NOMBRE,DIRECCION,TELEFONO,TIPO_CENTRO_RECIBO) values ('19','2','Bucaramanga radicacion','Calle42Norte29','3450761','CONVENCIONAL');
Insert into AMARTINEZG.CENTRO_RECIBOS (ID,ID_CIUDAD,NOMBRE,DIRECCION,TELEFONO,TIPO_CENTRO_RECIBO) values ('20','17','Arauca centro','Calle37Sur45','2809262','TERMINAL DE CARGA');
REM INSERTING into AMARTINEZG.CENTRO_RECIBOS_EMPLEADOS
SET DEFINE OFF;
Insert into AMARTINEZG.CENTRO_RECIBOS_EMPLEADOS (ID,ID_EMPLEADO,ID_CENTRO_RECIBO) values ('1','1','1');
Insert into AMARTINEZG.CENTRO_RECIBOS_EMPLEADOS (ID,ID_EMPLEADO,ID_CENTRO_RECIBO) values ('2','1','2');
Insert into AMARTINEZG.CENTRO_RECIBOS_EMPLEADOS (ID,ID_EMPLEADO,ID_CENTRO_RECIBO) values ('3','2','3');
Insert into AMARTINEZG.CENTRO_RECIBOS_EMPLEADOS (ID,ID_EMPLEADO,ID_CENTRO_RECIBO) values ('4','2','5');
Insert into AMARTINEZG.CENTRO_RECIBOS_EMPLEADOS (ID,ID_EMPLEADO,ID_CENTRO_RECIBO) values ('5','2','6');
Insert into AMARTINEZG.CENTRO_RECIBOS_EMPLEADOS (ID,ID_EMPLEADO,ID_CENTRO_RECIBO) values ('6','3','7');
Insert into AMARTINEZG.CENTRO_RECIBOS_EMPLEADOS (ID,ID_EMPLEADO,ID_CENTRO_RECIBO) values ('7','4','12');
Insert into AMARTINEZG.CENTRO_RECIBOS_EMPLEADOS (ID,ID_EMPLEADO,ID_CENTRO_RECIBO) values ('8','5','11');
Insert into AMARTINEZG.CENTRO_RECIBOS_EMPLEADOS (ID,ID_EMPLEADO,ID_CENTRO_RECIBO) values ('9','6','19');
Insert into AMARTINEZG.CENTRO_RECIBOS_EMPLEADOS (ID,ID_EMPLEADO,ID_CENTRO_RECIBO) values ('10','7','20');
Insert into AMARTINEZG.CENTRO_RECIBOS_EMPLEADOS (ID,ID_EMPLEADO,ID_CENTRO_RECIBO) values ('11','8','1');
Insert into AMARTINEZG.CENTRO_RECIBOS_EMPLEADOS (ID,ID_EMPLEADO,ID_CENTRO_RECIBO) values ('12','9','15');
Insert into AMARTINEZG.CENTRO_RECIBOS_EMPLEADOS (ID,ID_EMPLEADO,ID_CENTRO_RECIBO) values ('13','10','16');
Insert into AMARTINEZG.CENTRO_RECIBOS_EMPLEADOS (ID,ID_EMPLEADO,ID_CENTRO_RECIBO) values ('14','15','18');
Insert into AMARTINEZG.CENTRO_RECIBOS_EMPLEADOS (ID,ID_EMPLEADO,ID_CENTRO_RECIBO) values ('15','15','8');
Insert into AMARTINEZG.CENTRO_RECIBOS_EMPLEADOS (ID,ID_EMPLEADO,ID_CENTRO_RECIBO) values ('16','10','11');
REM INSERTING into AMARTINEZG.CIUDADES
SET DEFINE OFF;
Insert into AMARTINEZG.CIUDADES (ID,CIUDAD,ID_DEPARTAMENTO) values ('1','MEDELLIN','1');
Insert into AMARTINEZG.CIUDADES (ID,CIUDAD,ID_DEPARTAMENTO) values ('2','BUCARAMANGA','12');
Insert into AMARTINEZG.CIUDADES (ID,CIUDAD,ID_DEPARTAMENTO) values ('3','CALI','7');
Insert into AMARTINEZG.CIUDADES (ID,CIUDAD,ID_DEPARTAMENTO) values ('4','CARTAGENA','2');
Insert into AMARTINEZG.CIUDADES (ID,CIUDAD,ID_DEPARTAMENTO) values ('5','MOCOA','10');
Insert into AMARTINEZG.CIUDADES (ID,CIUDAD,ID_DEPARTAMENTO) values ('6','PEREIRA','15');
Insert into AMARTINEZG.CIUDADES (ID,CIUDAD,ID_DEPARTAMENTO) values ('7','IBAGUE','14');
Insert into AMARTINEZG.CIUDADES (ID,CIUDAD,ID_DEPARTAMENTO) values ('9','BOGOTA','3');
Insert into AMARTINEZG.CIUDADES (ID,CIUDAD,ID_DEPARTAMENTO) values ('10','MANIZALES','16');
Insert into AMARTINEZG.CIUDADES (ID,CIUDAD,ID_DEPARTAMENTO) values ('11','NARIÑO','18');
Insert into AMARTINEZG.CIUDADES (ID,CIUDAD,ID_DEPARTAMENTO) values ('12','CUCUTA','17');
Insert into AMARTINEZG.CIUDADES (ID,CIUDAD,ID_DEPARTAMENTO) values ('13','BARRANQUILLA','8');
Insert into AMARTINEZG.CIUDADES (ID,CIUDAD,ID_DEPARTAMENTO) values ('14','RIOHACHA','5');
Insert into AMARTINEZG.CIUDADES (ID,CIUDAD,ID_DEPARTAMENTO) values ('15','PAILITAS','4');
Insert into AMARTINEZG.CIUDADES (ID,CIUDAD,ID_DEPARTAMENTO) values ('16','LOS SANTOS','5');
Insert into AMARTINEZG.CIUDADES (ID,CIUDAD,ID_DEPARTAMENTO) values ('17','ARAUCA','13');
Insert into AMARTINEZG.CIUDADES (ID,CIUDAD,ID_DEPARTAMENTO) values ('18','TUNJA','11');
Insert into AMARTINEZG.CIUDADES (ID,CIUDAD,ID_DEPARTAMENTO) values ('19','MITU','9');
Insert into AMARTINEZG.CIUDADES (ID,CIUDAD,ID_DEPARTAMENTO) values ('20','LETICIA','19');
REM INSERTING into AMARTINEZG.CLIENTES
SET DEFINE OFF;
Insert into AMARTINEZG.CLIENTES (ID,CEDULA,NOMBRE,TELEFONO,DIRECCION) values ('1','1023271414','Guillermo Eraso Annexy','3055932','Calle 33 Sur 77');
Insert into AMARTINEZG.CLIENTES (ID,CEDULA,NOMBRE,TELEFONO,DIRECCION) values ('2','1041333739','Enrique Florez Faillace','3825232','Calle 17 48');
Insert into AMARTINEZG.CLIENTES (ID,CEDULA,NOMBRE,TELEFONO,DIRECCION) values ('3','1025691226','Cesar Alberto Cortes De La Espriella','3003865','Calle2755');
Insert into AMARTINEZG.CLIENTES (ID,CEDULA,NOMBRE,TELEFONO,DIRECCION) values ('4','1025903003','Juan Sebastian Zapata','4087489','Calle2465');
Insert into AMARTINEZG.CLIENTES (ID,CEDULA,NOMBRE,TELEFONO,DIRECCION) values ('5','1033640140','Armando Calderon Lesmes','3519582','Calle4134');
Insert into AMARTINEZG.CLIENTES (ID,CEDULA,NOMBRE,TELEFONO,DIRECCION) values ('6','1039429289','Jesus Maria Rodriguez Alvarez','4126322','Calle 28 Norte 60');
Insert into AMARTINEZG.CLIENTES (ID,CEDULA,NOMBRE,TELEFONO,DIRECCION) values ('7','1027770683','Gonzalo Gaitan Quijano','3694679','Calle 35 52');
Insert into AMARTINEZG.CLIENTES (ID,CEDULA,NOMBRE,TELEFONO,DIRECCION) values ('8','1021967570','Guillermo Ruiz Lara','3669202','Calle40 Sur 66');
Insert into AMARTINEZG.CLIENTES (ID,CEDULA,NOMBRE,TELEFONO,DIRECCION) values ('9','1024438268','Leonte Rojas Castro','2843383','Calle28 Sur 71');
Insert into AMARTINEZG.CLIENTES (ID,CEDULA,NOMBRE,TELEFONO,DIRECCION) values ('10','1027986958','Gustavo Moreno Camacho','3188925','Calle26Sur38');
Insert into AMARTINEZG.CLIENTES (ID,CEDULA,NOMBRE,TELEFONO,DIRECCION) values ('11','1027162225','Roberto Jose Escallon Ricaurte','3590805','Calle1077');
Insert into AMARTINEZG.CLIENTES (ID,CEDULA,NOMBRE,TELEFONO,DIRECCION) values ('12','1034951782','Alberto Enrique Schotborgh Schotborgh','2561155','Calle5978');
Insert into AMARTINEZG.CLIENTES (ID,CEDULA,NOMBRE,TELEFONO,DIRECCION) values ('13','1030691489','Enrique Garcia Diaz','3450761','Calle5631');
Insert into AMARTINEZG.CLIENTES (ID,CEDULA,NOMBRE,TELEFONO,DIRECCION) values ('14','1028683464','Jaime Silva Silva','2809262','Calle16 Norte 54');
Insert into AMARTINEZG.CLIENTES (ID,CEDULA,NOMBRE,TELEFONO,DIRECCION) values ('15','1030271622','Jorge Abelardo Ayala Betancourt','3212016','Calle50 Norte 34');
Insert into AMARTINEZG.CLIENTES (ID,CEDULA,NOMBRE,TELEFONO,DIRECCION) values ('16','1023102983','Alejandro Dishington Gonzalez','3899434','Calle27 Norte 71');
Insert into AMARTINEZG.CLIENTES (ID,CEDULA,NOMBRE,TELEFONO,DIRECCION) values ('17','1028261008','Jorge Alberto Steiner Schwitzer','4404495','Calle27 Norte70');
Insert into AMARTINEZG.CLIENTES (ID,CEDULA,NOMBRE,TELEFONO,DIRECCION) values ('18','1042159991','Hector Jose Trujillo Cardenas','4401843','Calle31 Norte 22');
Insert into AMARTINEZG.CLIENTES (ID,CEDULA,NOMBRE,TELEFONO,DIRECCION) values ('19','1019596412','Jose Maria Duran Bravo','3526670','Calle42Norte29');
Insert into AMARTINEZG.CLIENTES (ID,CEDULA,NOMBRE,TELEFONO,DIRECCION) values ('20','1025528509','Rosendo Torres Cruz','4038360','Calle37Sur45');
REM INSERTING into AMARTINEZG.CODIGOS_POSTALES
SET DEFINE OFF;
Insert into AMARTINEZG.CODIGOS_POSTALES (ID,ID_CIUDAD,CODIGO_POSTAL) values ('1','1','578901');
Insert into AMARTINEZG.CODIGOS_POSTALES (ID,ID_CIUDAD,CODIGO_POSTAL) values ('2','2','578902');
Insert into AMARTINEZG.CODIGOS_POSTALES (ID,ID_CIUDAD,CODIGO_POSTAL) values ('3','3','578903');
Insert into AMARTINEZG.CODIGOS_POSTALES (ID,ID_CIUDAD,CODIGO_POSTAL) values ('4','4','578904');
Insert into AMARTINEZG.CODIGOS_POSTALES (ID,ID_CIUDAD,CODIGO_POSTAL) values ('5','5','578905');
Insert into AMARTINEZG.CODIGOS_POSTALES (ID,ID_CIUDAD,CODIGO_POSTAL) values ('6','6','578906');
Insert into AMARTINEZG.CODIGOS_POSTALES (ID,ID_CIUDAD,CODIGO_POSTAL) values ('7','7','578907');
Insert into AMARTINEZG.CODIGOS_POSTALES (ID,ID_CIUDAD,CODIGO_POSTAL) values ('8','9','578908');
Insert into AMARTINEZG.CODIGOS_POSTALES (ID,ID_CIUDAD,CODIGO_POSTAL) values ('9','9','578909');
Insert into AMARTINEZG.CODIGOS_POSTALES (ID,ID_CIUDAD,CODIGO_POSTAL) values ('10','10','578910');
Insert into AMARTINEZG.CODIGOS_POSTALES (ID,ID_CIUDAD,CODIGO_POSTAL) values ('11','11','578911');
Insert into AMARTINEZG.CODIGOS_POSTALES (ID,ID_CIUDAD,CODIGO_POSTAL) values ('12','12','578912');
Insert into AMARTINEZG.CODIGOS_POSTALES (ID,ID_CIUDAD,CODIGO_POSTAL) values ('13','13','578913');
Insert into AMARTINEZG.CODIGOS_POSTALES (ID,ID_CIUDAD,CODIGO_POSTAL) values ('14','14','578914');
Insert into AMARTINEZG.CODIGOS_POSTALES (ID,ID_CIUDAD,CODIGO_POSTAL) values ('15','15','578915');
Insert into AMARTINEZG.CODIGOS_POSTALES (ID,ID_CIUDAD,CODIGO_POSTAL) values ('16','16','578916');
Insert into AMARTINEZG.CODIGOS_POSTALES (ID,ID_CIUDAD,CODIGO_POSTAL) values ('17','17','578917');
Insert into AMARTINEZG.CODIGOS_POSTALES (ID,ID_CIUDAD,CODIGO_POSTAL) values ('18','18','578918');
Insert into AMARTINEZG.CODIGOS_POSTALES (ID,ID_CIUDAD,CODIGO_POSTAL) values ('19','19','578919');
Insert into AMARTINEZG.CODIGOS_POSTALES (ID,ID_CIUDAD,CODIGO_POSTAL) values ('20','20','578920');
REM INSERTING into AMARTINEZG.DEPARTAMENTOS
SET DEFINE OFF;
Insert into AMARTINEZG.DEPARTAMENTOS (ID,DEPARTAMENTO) values ('1','ANTIOQUIA');
Insert into AMARTINEZG.DEPARTAMENTOS (ID,DEPARTAMENTO) values ('2','BOLIVAR');
Insert into AMARTINEZG.DEPARTAMENTOS (ID,DEPARTAMENTO) values ('3','CUNDINAMARCA');
Insert into AMARTINEZG.DEPARTAMENTOS (ID,DEPARTAMENTO) values ('4','CESAR');
Insert into AMARTINEZG.DEPARTAMENTOS (ID,DEPARTAMENTO) values ('5','GUAJIRA');
Insert into AMARTINEZG.DEPARTAMENTOS (ID,DEPARTAMENTO) values ('6','SAN ANDRES');
Insert into AMARTINEZG.DEPARTAMENTOS (ID,DEPARTAMENTO) values ('7','VALLE DEL CAUCA');
Insert into AMARTINEZG.DEPARTAMENTOS (ID,DEPARTAMENTO) values ('8','SANTA MARTA');
Insert into AMARTINEZG.DEPARTAMENTOS (ID,DEPARTAMENTO) values ('9','VAUPES');
Insert into AMARTINEZG.DEPARTAMENTOS (ID,DEPARTAMENTO) values ('10','PUTUMAYO');
Insert into AMARTINEZG.DEPARTAMENTOS (ID,DEPARTAMENTO) values ('11','BOYACA');
Insert into AMARTINEZG.DEPARTAMENTOS (ID,DEPARTAMENTO) values ('12','SANTANDER');
Insert into AMARTINEZG.DEPARTAMENTOS (ID,DEPARTAMENTO) values ('13','ARAUCA');
Insert into AMARTINEZG.DEPARTAMENTOS (ID,DEPARTAMENTO) values ('14','TOLIMA');
Insert into AMARTINEZG.DEPARTAMENTOS (ID,DEPARTAMENTO) values ('15','RISARALDA');
Insert into AMARTINEZG.DEPARTAMENTOS (ID,DEPARTAMENTO) values ('16','CALDAS');
Insert into AMARTINEZG.DEPARTAMENTOS (ID,DEPARTAMENTO) values ('17','NORTE DE SANTANDER');
Insert into AMARTINEZG.DEPARTAMENTOS (ID,DEPARTAMENTO) values ('18','PASTO');
Insert into AMARTINEZG.DEPARTAMENTOS (ID,DEPARTAMENTO) values ('19','AMAZONAS');
Insert into AMARTINEZG.DEPARTAMENTOS (ID,DEPARTAMENTO) values ('20','SUCRE');
REM INSERTING into AMARTINEZG.EMPLEADOS
SET DEFINE OFF;
Insert into AMARTINEZG.EMPLEADOS (ID,NOMBRE,CEDULA,CODIGO_EMPLEADO,DIRECCION,TELEFONO,SALARIO,ID_EMPLEADO_JEFE,CARGO) values ('1','Faustino Almanza Pachon','4523452','444','Calle50 Norte 34','5483928','1300412','1','operario');
Insert into AMARTINEZG.EMPLEADOS (ID,NOMBRE,CEDULA,CODIGO_EMPLEADO,DIRECCION,TELEFONO,SALARIO,ID_EMPLEADO_JEFE,CARGO) values ('2','Jose De Jesus Rodriguez Arevalo','4523453','461','Calle27 Norte 71','6960886','400151','2','operario');
Insert into AMARTINEZG.EMPLEADOS (ID,NOMBRE,CEDULA,CODIGO_EMPLEADO,DIRECCION,TELEFONO,SALARIO,ID_EMPLEADO_JEFE,CARGO) values ('3','Eduardo Uribe Henao','4523454','617','Calle27 Norte70','6645692','13441234','2','operario');
Insert into AMARTINEZG.EMPLEADOS (ID,NOMBRE,CEDULA,CODIGO_EMPLEADO,DIRECCION,TELEFONO,SALARIO,ID_EMPLEADO_JEFE,CARGO) values ('4','Liborio Cuellar Gomez','1022629740','349','Calle31 Norte 22','5166773','154545','3','operario');
Insert into AMARTINEZG.EMPLEADOS (ID,NOMBRE,CEDULA,CODIGO_EMPLEADO,DIRECCION,TELEFONO,SALARIO,ID_EMPLEADO_JEFE,CARGO) values ('5','Jose Maria Bernal Jaramillo','1039959048','325','Calle42 Norte 29','5640361','112514','1','bodega');
Insert into AMARTINEZG.EMPLEADOS (ID,NOMBRE,CEDULA,CODIGO_EMPLEADO,DIRECCION,TELEFONO,SALARIO,ID_EMPLEADO_JEFE,CARGO) values ('6','Jaime Antonio Marquez Cuervo','1036900882','435','Calle 37Sur 45','7165305','214214331','5','operario');
Insert into AMARTINEZG.EMPLEADOS (ID,NOMBRE,CEDULA,CODIGO_EMPLEADO,DIRECCION,TELEFONO,SALARIO,ID_EMPLEADO_JEFE,CARGO) values ('7','Jose Vicente Suarez Gelves','1041112779','431','Calle 33 Sur 77','3734153','424214','4','operario');
Insert into AMARTINEZG.EMPLEADOS (ID,NOMBRE,CEDULA,CODIGO_EMPLEADO,DIRECCION,TELEFONO,SALARIO,ID_EMPLEADO_JEFE,CARGO) values ('8','Hector Jose Rocha Queruz','1045725442','437','Calle 17 48','3409447','3423425','3','operario');
Insert into AMARTINEZG.EMPLEADOS (ID,NOMBRE,CEDULA,CODIGO_EMPLEADO,DIRECCION,TELEFONO,SALARIO,ID_EMPLEADO_JEFE,CARGO) values ('9','Hernando Rafael Gomez Vesga','1034757921','426','Calle2755','7291973','634766','2','operario');
Insert into AMARTINEZG.EMPLEADOS (ID,NOMBRE,CEDULA,CODIGO_EMPLEADO,DIRECCION,TELEFONO,SALARIO,ID_EMPLEADO_JEFE,CARGO) values ('10','Hernando Romero Castellanos','1032718072','573','Calle2465','4463381','5600256','1','nomina');
Insert into AMARTINEZG.EMPLEADOS (ID,NOMBRE,CEDULA,CODIGO_EMPLEADO,DIRECCION,TELEFONO,SALARIO,ID_EMPLEADO_JEFE,CARGO) values ('11','Victor Jose Mora Melo','1038293821','388','Calle4134','6264184','1340241','3','operario');
Insert into AMARTINEZG.EMPLEADOS (ID,NOMBRE,CEDULA,CODIGO_EMPLEADO,DIRECCION,TELEFONO,SALARIO,ID_EMPLEADO_JEFE,CARGO) values ('12','Jose Joaquin Prieto Clavijo','1030092379','529','Calle 28 Norte 60','6234437','4656354','2','porteria');
Insert into AMARTINEZG.EMPLEADOS (ID,NOMBRE,CEDULA,CODIGO_EMPLEADO,DIRECCION,TELEFONO,SALARIO,ID_EMPLEADO_JEFE,CARGO) values ('13','Alejandro Gomez Arango','1035818422','452','Calle 35 52','6034146','3423414','10','operario');
Insert into AMARTINEZG.EMPLEADOS (ID,NOMBRE,CEDULA,CODIGO_EMPLEADO,DIRECCION,TELEFONO,SALARIO,ID_EMPLEADO_JEFE,CARGO) values ('14','Samuel Botero Mejia','1028047489','618','Calle40 Sur 66','5338487','5570784','1','operario');
Insert into AMARTINEZG.EMPLEADOS (ID,NOMBRE,CEDULA,CODIGO_EMPLEADO,DIRECCION,TELEFONO,SALARIO,ID_EMPLEADO_JEFE,CARGO) values ('15','Guillermo Botero Mejia','4523466','554','Calle28 Sur 71','7329930','51445451','2','operario');
Insert into AMARTINEZG.EMPLEADOS (ID,NOMBRE,CEDULA,CODIGO_EMPLEADO,DIRECCION,TELEFONO,SALARIO,ID_EMPLEADO_JEFE,CARGO) values ('16','Ernesto Fernandez Bustos','4523467','466','Calle26Sur38','6126240','66767878','15','gerencia');
Insert into AMARTINEZG.EMPLEADOS (ID,NOMBRE,CEDULA,CODIGO_EMPLEADO,DIRECCION,TELEFONO,SALARIO,ID_EMPLEADO_JEFE,CARGO) values ('17','Roberto Casabianca Pizano','4523468','340','Calle1077','3570771','3413413','14','operario');
Insert into AMARTINEZG.EMPLEADOS (ID,NOMBRE,CEDULA,CODIGO_EMPLEADO,DIRECCION,TELEFONO,SALARIO,ID_EMPLEADO_JEFE,CARGO) values ('18','Armando Elias Aponte Lopez','4523469','592','Calle59 78','6432985','65624134','14','operario');
Insert into AMARTINEZG.EMPLEADOS (ID,NOMBRE,CEDULA,CODIGO_EMPLEADO,DIRECCION,TELEFONO,SALARIO,ID_EMPLEADO_JEFE,CARGO) values ('19','Alberto Casini','4523470','646','Calle56 31','5848747','1234556','11','operario');
Insert into AMARTINEZG.EMPLEADOS (ID,NOMBRE,CEDULA,CODIGO_EMPLEADO,DIRECCION,TELEFONO,SALARIO,ID_EMPLEADO_JEFE,CARGO) values ('20','Pablo Antonio Cañon Rojas','4523471','370','Calle16 Norte 54','5263678','7252626','13','operario');
REM INSERTING into AMARTINEZG.ENVIO_MERCANCIA
SET DEFINE OFF;
Insert into AMARTINEZG.ENVIO_MERCANCIA (ID,NUMERO_GUIA,PESO_REAL,ANCHO,ALTO,LARGO,PESO_VOLUMEN,TIPO_SERVICIO,FECHA_HORA_DESPACHO,ID_CLIENTE_REMITE,ID_CLIENTE_DESTINO,FECHA_HORA_ENTREGA,OBSERVACIONES,ID_CIUDAD_ORIGEN,ID_CIUDAD_DESTINO,ID_CODIGO_POSTAL_ORIGEN,ID_CODIGO_POSTAL_DESTINO,UNIDADES,FLETE_FIJO,FLETE_VARIABLE,OTROS_VALORES,VALOR_SERVICIO,ID_ESTADO) values ('1','1','1000','120','200','160','1536000000','CARGA AEREA',to_timestamp('04/12/18 10:00:00,000000000','DD/MM/RR HH24:MI:SSXFF'),'1','2',to_timestamp('05/12/18 17:00:00,000000000','DD/MM/RR HH24:MI:SSXFF'),null,'1','6','1','6','28','176857','153862','247610','578329','1');
Insert into AMARTINEZG.ENVIO_MERCANCIA (ID,NUMERO_GUIA,PESO_REAL,ANCHO,ALTO,LARGO,PESO_VOLUMEN,TIPO_SERVICIO,FECHA_HORA_DESPACHO,ID_CLIENTE_REMITE,ID_CLIENTE_DESTINO,FECHA_HORA_ENTREGA,OBSERVACIONES,ID_CIUDAD_ORIGEN,ID_CIUDAD_DESTINO,ID_CODIGO_POSTAL_ORIGEN,ID_CODIGO_POSTAL_DESTINO,UNIDADES,FLETE_FIJO,FLETE_VARIABLE,OTROS_VALORES,VALOR_SERVICIO,ID_ESTADO) values ('2','2','2000','123','123','200','1210320000','CARGA AEREA',to_timestamp('05/12/18 10:00:00,000000000','DD/MM/RR HH24:MI:SSXFF'),'2','3',to_timestamp('06/12/18 17:30:00,000000000','DD/MM/RR HH24:MI:SSXFF'),null,'2','6','2','6','23','138052','160867','238270','537189','1');
Insert into AMARTINEZG.ENVIO_MERCANCIA (ID,NUMERO_GUIA,PESO_REAL,ANCHO,ALTO,LARGO,PESO_VOLUMEN,TIPO_SERVICIO,FECHA_HORA_DESPACHO,ID_CLIENTE_REMITE,ID_CLIENTE_DESTINO,FECHA_HORA_ENTREGA,OBSERVACIONES,ID_CIUDAD_ORIGEN,ID_CIUDAD_DESTINO,ID_CODIGO_POSTAL_ORIGEN,ID_CODIGO_POSTAL_DESTINO,UNIDADES,FLETE_FIJO,FLETE_VARIABLE,OTROS_VALORES,VALOR_SERVICIO,ID_ESTADO) values ('3','3','61','124','90','198','883872000','MERCANCIA',to_timestamp('06/12/18 10:00:00,000000000','DD/MM/RR HH24:MI:SSXFF'),'1','8',to_timestamp('07/12/18 18:00:00,000000000','DD/MM/RR HH24:MI:SSXFF'),null,'11','5','11','5','41','161821','121868','236610','520299','2');
Insert into AMARTINEZG.ENVIO_MERCANCIA (ID,NUMERO_GUIA,PESO_REAL,ANCHO,ALTO,LARGO,PESO_VOLUMEN,TIPO_SERVICIO,FECHA_HORA_DESPACHO,ID_CLIENTE_REMITE,ID_CLIENTE_DESTINO,FECHA_HORA_ENTREGA,OBSERVACIONES,ID_CIUDAD_ORIGEN,ID_CIUDAD_DESTINO,ID_CODIGO_POSTAL_ORIGEN,ID_CODIGO_POSTAL_DESTINO,UNIDADES,FLETE_FIJO,FLETE_VARIABLE,OTROS_VALORES,VALOR_SERVICIO,ID_ESTADO) values ('4','4','70','124','87','178','768105600','MENSAJERIA',to_timestamp('07/12/18 10:00:00,000000000','DD/MM/RR HH24:MI:SSXFF'),'2','10',to_timestamp('08/12/18 18:00:00,000000000','DD/MM/RR HH24:MI:SSXFF'),null,'10','4','10','4','46','174578','201220','0','375798','6');
Insert into AMARTINEZG.ENVIO_MERCANCIA (ID,NUMERO_GUIA,PESO_REAL,ANCHO,ALTO,LARGO,PESO_VOLUMEN,TIPO_SERVICIO,FECHA_HORA_DESPACHO,ID_CLIENTE_REMITE,ID_CLIENTE_DESTINO,FECHA_HORA_ENTREGA,OBSERVACIONES,ID_CIUDAD_ORIGEN,ID_CIUDAD_DESTINO,ID_CODIGO_POSTAL_ORIGEN,ID_CODIGO_POSTAL_DESTINO,UNIDADES,FLETE_FIJO,FLETE_VARIABLE,OTROS_VALORES,VALOR_SERVICIO,ID_ESTADO) values ('5','5','100','126','30','156','235872000','CARGA AEREA',to_timestamp('08/12/18 10:00:00,000000000','DD/MM/RR HH24:MI:SSXFF'),'3','9',to_timestamp('09/12/18 19:00:00,000000000','DD/MM/RR HH24:MI:SSXFF'),null,'17','3','17','3','26','100524','162721','0','263245','5');
Insert into AMARTINEZG.ENVIO_MERCANCIA (ID,NUMERO_GUIA,PESO_REAL,ANCHO,ALTO,LARGO,PESO_VOLUMEN,TIPO_SERVICIO,FECHA_HORA_DESPACHO,ID_CLIENTE_REMITE,ID_CLIENTE_DESTINO,FECHA_HORA_ENTREGA,OBSERVACIONES,ID_CIUDAD_ORIGEN,ID_CIUDAD_DESTINO,ID_CODIGO_POSTAL_ORIGEN,ID_CODIGO_POSTAL_DESTINO,UNIDADES,FLETE_FIJO,FLETE_VARIABLE,OTROS_VALORES,VALOR_SERVICIO,ID_ESTADO) values ('6','6','85','150','178','176','1879680000','CARGA AEREA',to_timestamp('09/12/18 10:00:00,000000000','DD/MM/RR HH24:MI:SSXFF'),'2','1',to_timestamp('10/12/18 18:30:00,000000000','DD/MM/RR HH24:MI:SSXFF'),null,'5','2','5','2','46','195689','0','0','195689','4');
Insert into AMARTINEZG.ENVIO_MERCANCIA (ID,NUMERO_GUIA,PESO_REAL,ANCHO,ALTO,LARGO,PESO_VOLUMEN,TIPO_SERVICIO,FECHA_HORA_DESPACHO,ID_CLIENTE_REMITE,ID_CLIENTE_DESTINO,FECHA_HORA_ENTREGA,OBSERVACIONES,ID_CIUDAD_ORIGEN,ID_CIUDAD_DESTINO,ID_CODIGO_POSTAL_ORIGEN,ID_CODIGO_POSTAL_DESTINO,UNIDADES,FLETE_FIJO,FLETE_VARIABLE,OTROS_VALORES,VALOR_SERVICIO,ID_ESTADO) values ('7','7','88','160','156','145','1447680000','MERCANCIA',to_timestamp('10/12/18 10:00:00,000000000','DD/MM/RR HH24:MI:SSXFF'),'3','12',to_timestamp('11/12/18 14:00:00,000000000','DD/MM/RR HH24:MI:SSXFF'),'DELICADO','9','1','9','1','17','186439','213286','0','399725','4');
Insert into AMARTINEZG.ENVIO_MERCANCIA (ID,NUMERO_GUIA,PESO_REAL,ANCHO,ALTO,LARGO,PESO_VOLUMEN,TIPO_SERVICIO,FECHA_HORA_DESPACHO,ID_CLIENTE_REMITE,ID_CLIENTE_DESTINO,FECHA_HORA_ENTREGA,OBSERVACIONES,ID_CIUDAD_ORIGEN,ID_CIUDAD_DESTINO,ID_CODIGO_POSTAL_ORIGEN,ID_CODIGO_POSTAL_DESTINO,UNIDADES,FLETE_FIJO,FLETE_VARIABLE,OTROS_VALORES,VALOR_SERVICIO,ID_ESTADO) values ('8','8','87','200','176','143','2013440000','CARGA AEREA',to_timestamp('11/12/18 10:00:00,000000000','DD/MM/RR HH24:MI:SSXFF'),'18','2',to_timestamp('11/12/18 12:30:00,000000000','DD/MM/RR HH24:MI:SSXFF'),null,'1','3','1','3','24','145992','0','206243','352235','6');
Insert into AMARTINEZG.ENVIO_MERCANCIA (ID,NUMERO_GUIA,PESO_REAL,ANCHO,ALTO,LARGO,PESO_VOLUMEN,TIPO_SERVICIO,FECHA_HORA_DESPACHO,ID_CLIENTE_REMITE,ID_CLIENTE_DESTINO,FECHA_HORA_ENTREGA,OBSERVACIONES,ID_CIUDAD_ORIGEN,ID_CIUDAD_DESTINO,ID_CODIGO_POSTAL_ORIGEN,ID_CODIGO_POSTAL_DESTINO,UNIDADES,FLETE_FIJO,FLETE_VARIABLE,OTROS_VALORES,VALOR_SERVICIO,ID_ESTADO) values ('9','9','65','198','145','176','2021184000','MERCANCIA',to_timestamp('12/12/18 10:00:00,000000000','DD/MM/RR HH24:MI:SSXFF'),'4','15',to_timestamp('12/12/18 10:50:00,000000000','DD/MM/RR HH24:MI:SSXFF'),null,'1','6','1','6','21','118515','0','177126','295641','5');
Insert into AMARTINEZG.ENVIO_MERCANCIA (ID,NUMERO_GUIA,PESO_REAL,ANCHO,ALTO,LARGO,PESO_VOLUMEN,TIPO_SERVICIO,FECHA_HORA_DESPACHO,ID_CLIENTE_REMITE,ID_CLIENTE_DESTINO,FECHA_HORA_ENTREGA,OBSERVACIONES,ID_CIUDAD_ORIGEN,ID_CIUDAD_DESTINO,ID_CODIGO_POSTAL_ORIGEN,ID_CODIGO_POSTAL_DESTINO,UNIDADES,FLETE_FIJO,FLETE_VARIABLE,OTROS_VALORES,VALOR_SERVICIO,ID_ESTADO) values ('10','10','45','178','124','200','1765760000','MENSAJERIA',to_timestamp('13/12/18 10:00:00,000000000','DD/MM/RR HH24:MI:SSXFF'),'5','14',to_timestamp('13/12/18 13:40:00,000000000','DD/MM/RR HH24:MI:SSXFF'),null,'5','6','5','6','6','210451','145250','0','355701','5');
Insert into AMARTINEZG.ENVIO_MERCANCIA (ID,NUMERO_GUIA,PESO_REAL,ANCHO,ALTO,LARGO,PESO_VOLUMEN,TIPO_SERVICIO,FECHA_HORA_DESPACHO,ID_CLIENTE_REMITE,ID_CLIENTE_DESTINO,FECHA_HORA_ENTREGA,OBSERVACIONES,ID_CIUDAD_ORIGEN,ID_CIUDAD_DESTINO,ID_CODIGO_POSTAL_ORIGEN,ID_CODIGO_POSTAL_DESTINO,UNIDADES,FLETE_FIJO,FLETE_VARIABLE,OTROS_VALORES,VALOR_SERVICIO,ID_ESTADO) values ('11','11','78','156','124','123','951724800','CARGA AEREA',to_timestamp('14/12/18 10:00:00,000000000','DD/MM/RR HH24:MI:SSXFF'),'6','8',to_timestamp('14/12/18 13:00:00,000000000','DD/MM/RR HH24:MI:SSXFF'),null,'6','3','6','3','28','252085','313837','0','565922','6');
Insert into AMARTINEZG.ENVIO_MERCANCIA (ID,NUMERO_GUIA,PESO_REAL,ANCHO,ALTO,LARGO,PESO_VOLUMEN,TIPO_SERVICIO,FECHA_HORA_DESPACHO,ID_CLIENTE_REMITE,ID_CLIENTE_DESTINO,FECHA_HORA_ENTREGA,OBSERVACIONES,ID_CIUDAD_ORIGEN,ID_CIUDAD_DESTINO,ID_CODIGO_POSTAL_ORIGEN,ID_CODIGO_POSTAL_DESTINO,UNIDADES,FLETE_FIJO,FLETE_VARIABLE,OTROS_VALORES,VALOR_SERVICIO,ID_ESTADO) values ('12','12','90','176','126','120','1064448000','MERCANCIA',to_timestamp('15/12/18 10:00:00,000000000','DD/MM/RR HH24:MI:SSXFF'),'1','11',to_timestamp('15/12/18 15:00:00,000000000','DD/MM/RR HH24:MI:SSXFF'),null,'11','4','11','4','35','232636','119938','120962','473536','2');
Insert into AMARTINEZG.ENVIO_MERCANCIA (ID,NUMERO_GUIA,PESO_REAL,ANCHO,ALTO,LARGO,PESO_VOLUMEN,TIPO_SERVICIO,FECHA_HORA_DESPACHO,ID_CLIENTE_REMITE,ID_CLIENTE_DESTINO,FECHA_HORA_ENTREGA,OBSERVACIONES,ID_CIUDAD_ORIGEN,ID_CIUDAD_DESTINO,ID_CODIGO_POSTAL_ORIGEN,ID_CODIGO_POSTAL_DESTINO,UNIDADES,FLETE_FIJO,FLETE_VARIABLE,OTROS_VALORES,VALOR_SERVICIO,ID_ESTADO) values ('13','13','23','145','150','123','1070100000','MENSAJERIA',to_timestamp('16/12/18 10:00:00,000000000','DD/MM/RR HH24:MI:SSXFF'),'4','16',to_timestamp('17/12/18 15:30:00,000000000','DD/MM/RR HH24:MI:SSXFF'),null,'2','3','2','3','48','107970','197794','196193','501957','2');
Insert into AMARTINEZG.ENVIO_MERCANCIA (ID,NUMERO_GUIA,PESO_REAL,ANCHO,ALTO,LARGO,PESO_VOLUMEN,TIPO_SERVICIO,FECHA_HORA_DESPACHO,ID_CLIENTE_REMITE,ID_CLIENTE_DESTINO,FECHA_HORA_ENTREGA,OBSERVACIONES,ID_CIUDAD_ORIGEN,ID_CIUDAD_DESTINO,ID_CODIGO_POSTAL_ORIGEN,ID_CODIGO_POSTAL_DESTINO,UNIDADES,FLETE_FIJO,FLETE_VARIABLE,OTROS_VALORES,VALOR_SERVICIO,ID_ESTADO) values ('14','14','45','143','160','124','1134848000','MERCANCIA',to_timestamp('17/12/18 10:00:00,000000000','DD/MM/RR HH24:MI:SSXFF'),'3','2',to_timestamp('18/12/18 16:00:00,000000000','DD/MM/RR HH24:MI:SSXFF'),null,'3','2','3','2','12','170530','138440','106053','415023','2');
Insert into AMARTINEZG.ENVIO_MERCANCIA (ID,NUMERO_GUIA,PESO_REAL,ANCHO,ALTO,LARGO,PESO_VOLUMEN,TIPO_SERVICIO,FECHA_HORA_DESPACHO,ID_CLIENTE_REMITE,ID_CLIENTE_DESTINO,FECHA_HORA_ENTREGA,OBSERVACIONES,ID_CIUDAD_ORIGEN,ID_CIUDAD_DESTINO,ID_CODIGO_POSTAL_ORIGEN,ID_CODIGO_POSTAL_DESTINO,UNIDADES,FLETE_FIJO,FLETE_VARIABLE,OTROS_VALORES,VALOR_SERVICIO,ID_ESTADO) values ('15','15','36','176','200','124','1745920000','CARGA AEREA',to_timestamp('18/12/18 10:00:00,000000000','DD/MM/RR HH24:MI:SSXFF'),'2','17',to_timestamp('19/12/18 16:20:00,000000000','DD/MM/RR HH24:MI:SSXFF'),null,'4','1','4','1','15','218704','290243','0','508947','2');
Insert into AMARTINEZG.ENVIO_MERCANCIA (ID,NUMERO_GUIA,PESO_REAL,ANCHO,ALTO,LARGO,PESO_VOLUMEN,TIPO_SERVICIO,FECHA_HORA_DESPACHO,ID_CLIENTE_REMITE,ID_CLIENTE_DESTINO,FECHA_HORA_ENTREGA,OBSERVACIONES,ID_CIUDAD_ORIGEN,ID_CIUDAD_DESTINO,ID_CODIGO_POSTAL_ORIGEN,ID_CODIGO_POSTAL_DESTINO,UNIDADES,FLETE_FIJO,FLETE_VARIABLE,OTROS_VALORES,VALOR_SERVICIO,ID_ESTADO) values ('16','16','76','200','120','126','1209600000','MERCANCIA',to_timestamp('08/12/18 10:00:00,000000000','DD/MM/RR HH24:MI:SSXFF'),'10','11',to_timestamp('20/12/18 16:50:00,000000000','DD/MM/RR HH24:MI:SSXFF'),'DELICADO','18','11','18','11','24','260724','202718','0','463442','3');
Insert into AMARTINEZG.ENVIO_MERCANCIA (ID,NUMERO_GUIA,PESO_REAL,ANCHO,ALTO,LARGO,PESO_VOLUMEN,TIPO_SERVICIO,FECHA_HORA_DESPACHO,ID_CLIENTE_REMITE,ID_CLIENTE_DESTINO,FECHA_HORA_ENTREGA,OBSERVACIONES,ID_CIUDAD_ORIGEN,ID_CIUDAD_DESTINO,ID_CODIGO_POSTAL_ORIGEN,ID_CODIGO_POSTAL_DESTINO,UNIDADES,FLETE_FIJO,FLETE_VARIABLE,OTROS_VALORES,VALOR_SERVICIO,ID_ESTADO) values ('17','17','65','123','123','200','1210320000','MENSAJERIA',to_timestamp('09/12/18 10:00:00,000000000','DD/MM/RR HH24:MI:SSXFF'),'11','10',to_timestamp('09/12/18 17:00:00,000000000','DD/MM/RR HH24:MI:SSXFF'),'DELICADO','17','10','17','10','29','187949','0','0','187949','3');
Insert into AMARTINEZG.ENVIO_MERCANCIA (ID,NUMERO_GUIA,PESO_REAL,ANCHO,ALTO,LARGO,PESO_VOLUMEN,TIPO_SERVICIO,FECHA_HORA_DESPACHO,ID_CLIENTE_REMITE,ID_CLIENTE_DESTINO,FECHA_HORA_ENTREGA,OBSERVACIONES,ID_CIUDAD_ORIGEN,ID_CIUDAD_DESTINO,ID_CODIGO_POSTAL_ORIGEN,ID_CODIGO_POSTAL_DESTINO,UNIDADES,FLETE_FIJO,FLETE_VARIABLE,OTROS_VALORES,VALOR_SERVICIO,ID_ESTADO) values ('18','18','87','90','124','123','549072000','CARGA AEREA',to_timestamp('10/12/18 10:00:00,000000000','DD/MM/RR HH24:MI:SSXFF'),'12','18',to_timestamp('11/12/18 15:50:00,000000000','DD/MM/RR HH24:MI:SSXFF'),'DELICADO','17','20','17','20','5','262324','0','218470','480794','5');
Insert into AMARTINEZG.ENVIO_MERCANCIA (ID,NUMERO_GUIA,PESO_REAL,ANCHO,ALTO,LARGO,PESO_VOLUMEN,TIPO_SERVICIO,FECHA_HORA_DESPACHO,ID_CLIENTE_REMITE,ID_CLIENTE_DESTINO,FECHA_HORA_ENTREGA,OBSERVACIONES,ID_CIUDAD_ORIGEN,ID_CIUDAD_DESTINO,ID_CODIGO_POSTAL_ORIGEN,ID_CODIGO_POSTAL_DESTINO,UNIDADES,FLETE_FIJO,FLETE_VARIABLE,OTROS_VALORES,VALOR_SERVICIO,ID_ESTADO) values ('19','19','98','87','124','90','388368000','MERCANCIA',to_timestamp('11/12/18 10:00:00,000000000','DD/MM/RR HH24:MI:SSXFF'),'12','20',to_timestamp('11/12/18 16:30:00,000000000','DD/MM/RR HH24:MI:SSXFF'),'DELICADO','14','5','14','5','4','310571','247819','175833','734223','1');
Insert into AMARTINEZG.ENVIO_MERCANCIA (ID,NUMERO_GUIA,PESO_REAL,ANCHO,ALTO,LARGO,PESO_VOLUMEN,TIPO_SERVICIO,FECHA_HORA_DESPACHO,ID_CLIENTE_REMITE,ID_CLIENTE_DESTINO,FECHA_HORA_ENTREGA,OBSERVACIONES,ID_CIUDAD_ORIGEN,ID_CIUDAD_DESTINO,ID_CODIGO_POSTAL_ORIGEN,ID_CODIGO_POSTAL_DESTINO,UNIDADES,FLETE_FIJO,FLETE_VARIABLE,OTROS_VALORES,VALOR_SERVICIO,ID_ESTADO) values ('20','20','43','30','126','87','131544000','MENSAJERIA',to_timestamp('05/12/18 10:00:00,000000000','DD/MM/RR HH24:MI:SSXFF'),'14','1',to_timestamp('06/12/18 17:09:00,000000000','DD/MM/RR HH24:MI:SSXFF'),null,'20','11','20','11','4','317812','247819','0','565631','5');
REM INSERTING into AMARTINEZG.ESTADO_GUIAS
SET DEFINE OFF;
Insert into AMARTINEZG.ESTADO_GUIAS (ID,ESTADO) values ('1','A RECIBIR');
Insert into AMARTINEZG.ESTADO_GUIAS (ID,ESTADO) values ('2','EN TERMINAL ORIGEN');
Insert into AMARTINEZG.ESTADO_GUIAS (ID,ESTADO) values ('3','EN TRANSPORTE');
Insert into AMARTINEZG.ESTADO_GUIAS (ID,ESTADO) values ('4','EN TERMINAL DESTINO');
Insert into AMARTINEZG.ESTADO_GUIAS (ID,ESTADO) values ('5','EN REPARTO');
Insert into AMARTINEZG.ESTADO_GUIAS (ID,ESTADO) values ('6','ENTREGADA');
REM INSERTING into AMARTINEZG.MANTENIMIENTOS
SET DEFINE OFF;
Insert into AMARTINEZG.MANTENIMIENTOS (ID,FECHA_MANTENIMIENTO,HORA_ENTRADA,HORA_SALIDA,ID_EMPLEADO,ESTADO,OBSERVACIONES,ID_VEHICULO,ID_REVISION) values ('1',to_date('12/12/19','DD/MM/RR'),to_timestamp('01/04/19 14:00:00,000000000','DD/MM/RR HH24:MI:SSXFF'),to_timestamp('01/04/19 15:30:00,000000000','DD/MM/RR HH24:MI:SSXFF'),'1','REALIZADO',null,'1','1');
Insert into AMARTINEZG.MANTENIMIENTOS (ID,FECHA_MANTENIMIENTO,HORA_ENTRADA,HORA_SALIDA,ID_EMPLEADO,ESTADO,OBSERVACIONES,ID_VEHICULO,ID_REVISION) values ('2',to_date('13/12/18','DD/MM/RR'),to_timestamp('01/04/19 06:00:00,000000000','DD/MM/RR HH24:MI:SSXFF'),to_timestamp('01/04/19 14:00:00,000000000','DD/MM/RR HH24:MI:SSXFF'),'2','NO REALIZADO',null,'2','2');
Insert into AMARTINEZG.MANTENIMIENTOS (ID,FECHA_MANTENIMIENTO,HORA_ENTRADA,HORA_SALIDA,ID_EMPLEADO,ESTADO,OBSERVACIONES,ID_VEHICULO,ID_REVISION) values ('3',to_date('14/12/18','DD/MM/RR'),to_timestamp('01/04/19 07:00:00,000000000','DD/MM/RR HH24:MI:SSXFF'),to_timestamp('01/04/19 11:00:00,000000000','DD/MM/RR HH24:MI:SSXFF'),'3','NO REALIZADO',null,'3','3');
Insert into AMARTINEZG.MANTENIMIENTOS (ID,FECHA_MANTENIMIENTO,HORA_ENTRADA,HORA_SALIDA,ID_EMPLEADO,ESTADO,OBSERVACIONES,ID_VEHICULO,ID_REVISION) values ('4',to_date('15/12/18','DD/MM/RR'),to_timestamp('01/04/19 08:00:00,000000000','DD/MM/RR HH24:MI:SSXFF'),to_timestamp('01/04/19 11:00:00,000000000','DD/MM/RR HH24:MI:SSXFF'),'4','NO REALIZADO',null,'3','4');
Insert into AMARTINEZG.MANTENIMIENTOS (ID,FECHA_MANTENIMIENTO,HORA_ENTRADA,HORA_SALIDA,ID_EMPLEADO,ESTADO,OBSERVACIONES,ID_VEHICULO,ID_REVISION) values ('5',to_date('16/12/18','DD/MM/RR'),to_timestamp('01/04/19 09:00:00,000000000','DD/MM/RR HH24:MI:SSXFF'),to_timestamp('01/04/19 17:00:00,000000000','DD/MM/RR HH24:MI:SSXFF'),'5','REALIZADO',null,'4','5');
Insert into AMARTINEZG.MANTENIMIENTOS (ID,FECHA_MANTENIMIENTO,HORA_ENTRADA,HORA_SALIDA,ID_EMPLEADO,ESTADO,OBSERVACIONES,ID_VEHICULO,ID_REVISION) values ('6',to_date('17/12/18','DD/MM/RR'),to_timestamp('01/04/19 10:00:00,000000000','DD/MM/RR HH24:MI:SSXFF'),to_timestamp('01/04/19 18:00:00,000000000','DD/MM/RR HH24:MI:SSXFF'),'6','REALIZADO',null,'1','2');
Insert into AMARTINEZG.MANTENIMIENTOS (ID,FECHA_MANTENIMIENTO,HORA_ENTRADA,HORA_SALIDA,ID_EMPLEADO,ESTADO,OBSERVACIONES,ID_VEHICULO,ID_REVISION) values ('7',to_date('18/12/18','DD/MM/RR'),to_timestamp('01/04/19 11:00:00,000000000','DD/MM/RR HH24:MI:SSXFF'),to_timestamp('01/04/19 17:00:00,000000000','DD/MM/RR HH24:MI:SSXFF'),'7','REALIZADO',null,'2','1');
Insert into AMARTINEZG.MANTENIMIENTOS (ID,FECHA_MANTENIMIENTO,HORA_ENTRADA,HORA_SALIDA,ID_EMPLEADO,ESTADO,OBSERVACIONES,ID_VEHICULO,ID_REVISION) values ('8',to_date('19/12/18','DD/MM/RR'),to_timestamp('01/04/19 12:00:00,000000000','DD/MM/RR HH24:MI:SSXFF'),to_timestamp('01/04/19 18:00:00,000000000','DD/MM/RR HH24:MI:SSXFF'),'8','REALIZADO',null,'1','2');
Insert into AMARTINEZG.MANTENIMIENTOS (ID,FECHA_MANTENIMIENTO,HORA_ENTRADA,HORA_SALIDA,ID_EMPLEADO,ESTADO,OBSERVACIONES,ID_VEHICULO,ID_REVISION) values ('9',to_date('20/12/18','DD/MM/RR'),to_timestamp('01/04/19 13:00:00,000000000','DD/MM/RR HH24:MI:SSXFF'),to_timestamp('01/04/19 17:30:00,000000000','DD/MM/RR HH24:MI:SSXFF'),'9','NO REALIZADO',null,'2','3');
Insert into AMARTINEZG.MANTENIMIENTOS (ID,FECHA_MANTENIMIENTO,HORA_ENTRADA,HORA_SALIDA,ID_EMPLEADO,ESTADO,OBSERVACIONES,ID_VEHICULO,ID_REVISION) values ('10',to_date('21/12/18','DD/MM/RR'),to_timestamp('01/04/19 14:00:00,000000000','DD/MM/RR HH24:MI:SSXFF'),to_timestamp('01/04/19 15:45:00,000000000','DD/MM/RR HH24:MI:SSXFF'),'10','NO REALIZADO',null,'4','4');
Insert into AMARTINEZG.MANTENIMIENTOS (ID,FECHA_MANTENIMIENTO,HORA_ENTRADA,HORA_SALIDA,ID_EMPLEADO,ESTADO,OBSERVACIONES,ID_VEHICULO,ID_REVISION) values ('11',to_date('22/12/18','DD/MM/RR'),to_timestamp('01/04/19 15:00:00,000000000','DD/MM/RR HH24:MI:SSXFF'),to_timestamp('01/04/19 17:50:00,000000000','DD/MM/RR HH24:MI:SSXFF'),'11','NO REALIZADO',null,'1','3');
Insert into AMARTINEZG.MANTENIMIENTOS (ID,FECHA_MANTENIMIENTO,HORA_ENTRADA,HORA_SALIDA,ID_EMPLEADO,ESTADO,OBSERVACIONES,ID_VEHICULO,ID_REVISION) values ('12',to_date('23/12/18','DD/MM/RR'),to_timestamp('01/04/19 11:00:00,000000000','DD/MM/RR HH24:MI:SSXFF'),to_timestamp('01/04/19 14:00:00,000000000','DD/MM/RR HH24:MI:SSXFF'),'12','NO REALIZADO',null,'5','6');
Insert into AMARTINEZG.MANTENIMIENTOS (ID,FECHA_MANTENIMIENTO,HORA_ENTRADA,HORA_SALIDA,ID_EMPLEADO,ESTADO,OBSERVACIONES,ID_VEHICULO,ID_REVISION) values ('13',to_date('24/12/18','DD/MM/RR'),to_timestamp('01/04/19 08:00:00,000000000','DD/MM/RR HH24:MI:SSXFF'),to_timestamp('01/04/19 15:00:00,000000000','DD/MM/RR HH24:MI:SSXFF'),'13','NO REALIZADO',null,'3','2');
Insert into AMARTINEZG.MANTENIMIENTOS (ID,FECHA_MANTENIMIENTO,HORA_ENTRADA,HORA_SALIDA,ID_EMPLEADO,ESTADO,OBSERVACIONES,ID_VEHICULO,ID_REVISION) values ('14',to_date('25/12/18','DD/MM/RR'),to_timestamp('01/04/19 08:00:00,000000000','DD/MM/RR HH24:MI:SSXFF'),to_timestamp('01/04/19 16:00:00,000000000','DD/MM/RR HH24:MI:SSXFF'),'14','NO REALIZADO',null,'1','4');
Insert into AMARTINEZG.MANTENIMIENTOS (ID,FECHA_MANTENIMIENTO,HORA_ENTRADA,HORA_SALIDA,ID_EMPLEADO,ESTADO,OBSERVACIONES,ID_VEHICULO,ID_REVISION) values ('15',to_date('26/12/18','DD/MM/RR'),to_timestamp('01/04/19 09:00:00,000000000','DD/MM/RR HH24:MI:SSXFF'),to_timestamp('01/04/19 17:00:00,000000000','DD/MM/RR HH24:MI:SSXFF'),'15','REALIZADO',null,'2','4');
Insert into AMARTINEZG.MANTENIMIENTOS (ID,FECHA_MANTENIMIENTO,HORA_ENTRADA,HORA_SALIDA,ID_EMPLEADO,ESTADO,OBSERVACIONES,ID_VEHICULO,ID_REVISION) values ('16',to_date('27/12/18','DD/MM/RR'),to_timestamp('01/04/19 10:00:00,000000000','DD/MM/RR HH24:MI:SSXFF'),to_timestamp('01/04/19 18:00:00,000000000','DD/MM/RR HH24:MI:SSXFF'),'16','REALIZADO',null,'3','1');
Insert into AMARTINEZG.MANTENIMIENTOS (ID,FECHA_MANTENIMIENTO,HORA_ENTRADA,HORA_SALIDA,ID_EMPLEADO,ESTADO,OBSERVACIONES,ID_VEHICULO,ID_REVISION) values ('17',to_date('28/12/18','DD/MM/RR'),to_timestamp('01/04/19 10:00:00,000000000','DD/MM/RR HH24:MI:SSXFF'),to_timestamp('01/04/19 17:00:00,000000000','DD/MM/RR HH24:MI:SSXFF'),'17','REALIZADO',null,'4','3');
Insert into AMARTINEZG.MANTENIMIENTOS (ID,FECHA_MANTENIMIENTO,HORA_ENTRADA,HORA_SALIDA,ID_EMPLEADO,ESTADO,OBSERVACIONES,ID_VEHICULO,ID_REVISION) values ('18',to_date('29/12/18','DD/MM/RR'),to_timestamp('01/04/19 10:00:00,000000000','DD/MM/RR HH24:MI:SSXFF'),to_timestamp('01/04/19 14:00:00,000000000','DD/MM/RR HH24:MI:SSXFF'),'18','REALIZADO',null,'5','5');
Insert into AMARTINEZG.MANTENIMIENTOS (ID,FECHA_MANTENIMIENTO,HORA_ENTRADA,HORA_SALIDA,ID_EMPLEADO,ESTADO,OBSERVACIONES,ID_VEHICULO,ID_REVISION) values ('19',to_date('30/12/18','DD/MM/RR'),to_timestamp('01/04/19 10:00:00,000000000','DD/MM/RR HH24:MI:SSXFF'),to_timestamp('01/04/19 17:00:00,000000000','DD/MM/RR HH24:MI:SSXFF'),'19','REALIZADO',null,'6','1');
REM INSERTING into AMARTINEZG.OPERACIONES_REVISIONES
SET DEFINE OFF;
Insert into AMARTINEZG.OPERACIONES_REVISIONES (ID,OPERACION,ID_REVISION) values ('1','CAMBIAR ACEITE','1');
Insert into AMARTINEZG.OPERACIONES_REVISIONES (ID,OPERACION,ID_REVISION) values ('2','CAMBIAR FILTRO ACEITE','1');
Insert into AMARTINEZG.OPERACIONES_REVISIONES (ID,OPERACION,ID_REVISION) values ('3','CAMBIAR FILTRO AIRE','1');
Insert into AMARTINEZG.OPERACIONES_REVISIONES (ID,OPERACION,ID_REVISION) values ('4','REVISAR AIRE DE LLANTAS','1');
Insert into AMARTINEZG.OPERACIONES_REVISIONES (ID,OPERACION,ID_REVISION) values ('5','REVISAR NIVEL DE DETERIORO DE LA BANDA DE RODAMIENTO','1');
Insert into AMARTINEZG.OPERACIONES_REVISIONES (ID,OPERACION,ID_REVISION) values ('6','COMPROBAR LA TENSION DEL AMBREGUE O FRENO','1');
Insert into AMARTINEZG.OPERACIONES_REVISIONES (ID,OPERACION,ID_REVISION) values ('7','COMPROBAR LA TENSION DE LA CORREA DEL MOTOR','1');
Insert into AMARTINEZG.OPERACIONES_REVISIONES (ID,OPERACION,ID_REVISION) values ('8','VERIFICAR LUCES Y EL FUNCIONAMIENTO DE LOS COMANDOS DEL TABLERO','1');
Insert into AMARTINEZG.OPERACIONES_REVISIONES (ID,OPERACION,ID_REVISION) values ('9','REVISAR NIVEL DEL LIQUIDO  DE FRENOS','1');
Insert into AMARTINEZG.OPERACIONES_REVISIONES (ID,OPERACION,ID_REVISION) values ('10','VERIFICAR LUCES Y EL FUNCIONAMIENTO DE LOS COMANDOS DEL TABLERO','2');
Insert into AMARTINEZG.OPERACIONES_REVISIONES (ID,OPERACION,ID_REVISION) values ('11','ESTADO DEL ALTERNADOR Y ARRANQUE','2');
Insert into AMARTINEZG.OPERACIONES_REVISIONES (ID,OPERACION,ID_REVISION) values ('12','DESGASTE DE ARTICULACIONES Y ROTULAS','2');
Insert into AMARTINEZG.OPERACIONES_REVISIONES (ID,OPERACION,ID_REVISION) values ('13','REVISAR ESTADO DE LOS GUARDAPOLVOS','2');
Insert into AMARTINEZG.OPERACIONES_REVISIONES (ID,OPERACION,ID_REVISION) values ('14','SISTEMA DE ADMINSION, MANGUERAS Y TUBERIAS','2');
Insert into AMARTINEZG.OPERACIONES_REVISIONES (ID,OPERACION,ID_REVISION) values ('15','REVISAR NIVEL DEL LIQUIDO  DE FRENOS','2');
Insert into AMARTINEZG.OPERACIONES_REVISIONES (ID,OPERACION,ID_REVISION) values ('16','REVISAR NIVEL DE LOS LIQUIDOS','2');
Insert into AMARTINEZG.OPERACIONES_REVISIONES (ID,OPERACION,ID_REVISION) values ('17','REALIZAR LAVADO DEL MOTOR','2');
Insert into AMARTINEZG.OPERACIONES_REVISIONES (ID,OPERACION,ID_REVISION) values ('18','REVISAR TENSION DEL FRENO DE PIE Y MANO','2');
Insert into AMARTINEZG.OPERACIONES_REVISIONES (ID,OPERACION,ID_REVISION) values ('19','ALINEACION, BALANCEO Y ROTACION DE LLANTAS','2');
Insert into AMARTINEZG.OPERACIONES_REVISIONES (ID,OPERACION,ID_REVISION) values ('20','INSPECCION DEL SISTEMA ELECTRICO','2');
Insert into AMARTINEZG.OPERACIONES_REVISIONES (ID,OPERACION,ID_REVISION) values ('21','CAMBIAR ACEITE','3');
Insert into AMARTINEZG.OPERACIONES_REVISIONES (ID,OPERACION,ID_REVISION) values ('22','CAMBIAR FILTRO ACEITE','3');
Insert into AMARTINEZG.OPERACIONES_REVISIONES (ID,OPERACION,ID_REVISION) values ('23','CAMBIAR FILTRO AIRE','3');
Insert into AMARTINEZG.OPERACIONES_REVISIONES (ID,OPERACION,ID_REVISION) values ('24','CAMBIAR FILTRO DE COMBUSTIBLE','3');
Insert into AMARTINEZG.OPERACIONES_REVISIONES (ID,OPERACION,ID_REVISION) values ('25','SUSTITUIR PASTAS DE FRENO Y BANDAS TRASERAS','3');
Insert into AMARTINEZG.OPERACIONES_REVISIONES (ID,OPERACION,ID_REVISION) values ('26','CAMBIAR ACEITE DE DIRECCION, TRANSMISION Y CAJA DE VELOCIDADES','3');
Insert into AMARTINEZG.OPERACIONES_REVISIONES (ID,OPERACION,ID_REVISION) values ('27','REVISAR AIRE DE LLANTAS','3');
Insert into AMARTINEZG.OPERACIONES_REVISIONES (ID,OPERACION,ID_REVISION) values ('28','ALINEACION, BALANCEO Y ROTACION DE LLANTAS','3');
Insert into AMARTINEZG.OPERACIONES_REVISIONES (ID,OPERACION,ID_REVISION) values ('29','CALIBRAR LOS FRENOS','3');
Insert into AMARTINEZG.OPERACIONES_REVISIONES (ID,OPERACION,ID_REVISION) values ('30','COMPROBAR LA TENSION DEL AMBREGUE O FRENO','3');
Insert into AMARTINEZG.OPERACIONES_REVISIONES (ID,OPERACION,ID_REVISION) values ('31','COMPROBAR LA TENSION DE LA CORREA DEL MOTOR','3');
Insert into AMARTINEZG.OPERACIONES_REVISIONES (ID,OPERACION,ID_REVISION) values ('32','ENGRASAR LOS RODAMIENTOS DE LAS LLANTAS DE ATRÁS','3');
Insert into AMARTINEZG.OPERACIONES_REVISIONES (ID,OPERACION,ID_REVISION) values ('33','CAMBIAR ACEITE','4');
Insert into AMARTINEZG.OPERACIONES_REVISIONES (ID,OPERACION,ID_REVISION) values ('34','CAMBIAR FILTRO ACEITE','4');
Insert into AMARTINEZG.OPERACIONES_REVISIONES (ID,OPERACION,ID_REVISION) values ('35','CAMBIAR FILTRO AIRE','4');
Insert into AMARTINEZG.OPERACIONES_REVISIONES (ID,OPERACION,ID_REVISION) values ('36','CAMBIAR FILTRO DE COMBUSTIBLE','4');
Insert into AMARTINEZG.OPERACIONES_REVISIONES (ID,OPERACION,ID_REVISION) values ('37','SUSTITUIR PASTAS DE FRENO Y BANDAS TRASERAS','4');
Insert into AMARTINEZG.OPERACIONES_REVISIONES (ID,OPERACION,ID_REVISION) values ('38','CAMBIAR ACEITE DE DIRECCION, TRANSMISION Y CAJA DE VELOCIDADES','4');
Insert into AMARTINEZG.OPERACIONES_REVISIONES (ID,OPERACION,ID_REVISION) values ('39','REVISAR AIRE DE LLANTAS','4');
Insert into AMARTINEZG.OPERACIONES_REVISIONES (ID,OPERACION,ID_REVISION) values ('40','ALINEACION, BALANCEO Y ROTACION DE LLANTAS','4');
Insert into AMARTINEZG.OPERACIONES_REVISIONES (ID,OPERACION,ID_REVISION) values ('41','CALIBRAR LOS FRENOS','4');
Insert into AMARTINEZG.OPERACIONES_REVISIONES (ID,OPERACION,ID_REVISION) values ('42','COMPROBAR LA TENSION DEL AMBREGUE O FRENO','4');
Insert into AMARTINEZG.OPERACIONES_REVISIONES (ID,OPERACION,ID_REVISION) values ('43','COMPROBAR LA TENSION DE LA CORREA DEL MOTOR','4');
Insert into AMARTINEZG.OPERACIONES_REVISIONES (ID,OPERACION,ID_REVISION) values ('44','ENGRASAR LOS RODAMIENTOS DE LAS LLANTAS DE ATRÁS','4');
Insert into AMARTINEZG.OPERACIONES_REVISIONES (ID,OPERACION,ID_REVISION) values ('45','HACER MANTENIMIENTO Y SONDEO DEL RADIADOR','4');
Insert into AMARTINEZG.OPERACIONES_REVISIONES (ID,OPERACION,ID_REVISION) values ('46','CAMBIAR ACEITE','5');
Insert into AMARTINEZG.OPERACIONES_REVISIONES (ID,OPERACION,ID_REVISION) values ('47','CAMBIAR FILTRO ACEITE','5');
Insert into AMARTINEZG.OPERACIONES_REVISIONES (ID,OPERACION,ID_REVISION) values ('48','CAMBIAR FILTRO AIRE','5');
Insert into AMARTINEZG.OPERACIONES_REVISIONES (ID,OPERACION,ID_REVISION) values ('49','CAMBIAR FILTRO DE COMBUSTIBLE','5');
Insert into AMARTINEZG.OPERACIONES_REVISIONES (ID,OPERACION,ID_REVISION) values ('50','SUSTITUIR PASTAS DE FRENO Y BANDAS TRASERAS','5');
Insert into AMARTINEZG.OPERACIONES_REVISIONES (ID,OPERACION,ID_REVISION) values ('51','CAMBIAR ACEITE DE DIRECCION, TRANSMISION Y CAJA DE VELOCIDADES','5');
Insert into AMARTINEZG.OPERACIONES_REVISIONES (ID,OPERACION,ID_REVISION) values ('52','REVISAR AIRE DE LLANTAS','5');
Insert into AMARTINEZG.OPERACIONES_REVISIONES (ID,OPERACION,ID_REVISION) values ('53','ALINEACION, BALANCEO Y ROTACION DE LLANTAS','5');
Insert into AMARTINEZG.OPERACIONES_REVISIONES (ID,OPERACION,ID_REVISION) values ('54','CALIBRAR LOS FRENOS','5');
Insert into AMARTINEZG.OPERACIONES_REVISIONES (ID,OPERACION,ID_REVISION) values ('55','COMPROBAR LA TENSION DEL AMBREGUE O FRENO','5');
Insert into AMARTINEZG.OPERACIONES_REVISIONES (ID,OPERACION,ID_REVISION) values ('56','COMPROBAR LA TENSION DE LA CORREA DEL MOTOR','5');
Insert into AMARTINEZG.OPERACIONES_REVISIONES (ID,OPERACION,ID_REVISION) values ('57','ENGRASAR LOS RODAMIENTOS DE LAS LLANTAS DE ATRÁS','5');
Insert into AMARTINEZG.OPERACIONES_REVISIONES (ID,OPERACION,ID_REVISION) values ('58','HACER MANTENIMIENTO Y SONDEO DEL RADIADOR','5');
Insert into AMARTINEZG.OPERACIONES_REVISIONES (ID,OPERACION,ID_REVISION) values ('59','SINCRONIZAR EL MOTOR DE INYECCION O DE CARBURADOR','5');
Insert into AMARTINEZG.OPERACIONES_REVISIONES (ID,OPERACION,ID_REVISION) values ('60','AJUSTAR LA SUSPENSIÓN','5');
Insert into AMARTINEZG.OPERACIONES_REVISIONES (ID,OPERACION,ID_REVISION) values ('61','ALINEACION, BALANCEO Y ROTACION DE LLANTAS','6');
Insert into AMARTINEZG.OPERACIONES_REVISIONES (ID,OPERACION,ID_REVISION) values ('62','AJUSTAR LA SUSPENSIÓN','6');
Insert into AMARTINEZG.OPERACIONES_REVISIONES (ID,OPERACION,ID_REVISION) values ('63','SINCRONIZAR EL MOTOR','6');
Insert into AMARTINEZG.OPERACIONES_REVISIONES (ID,OPERACION,ID_REVISION) values ('64','CAMBIAR PASTAS DE FRENO','6');
Insert into AMARTINEZG.OPERACIONES_REVISIONES (ID,OPERACION,ID_REVISION) values ('65','CAMBIAR LIQUIDO DE FRENO','6');
Insert into AMARTINEZG.OPERACIONES_REVISIONES (ID,OPERACION,ID_REVISION) values ('66','CAMBIAR BUJIAS DE ENCENDIDO','6');
Insert into AMARTINEZG.OPERACIONES_REVISIONES (ID,OPERACION,ID_REVISION) values ('67','CAMBIAR CORREAS DEL MOTOR','6');
Insert into AMARTINEZG.OPERACIONES_REVISIONES (ID,OPERACION,ID_REVISION) values ('68','CAMBIAR CABLES DE ALTA','6');
Insert into AMARTINEZG.OPERACIONES_REVISIONES (ID,OPERACION,ID_REVISION) values ('69','REALIZAR PERITAJE ESPECIALIZADO','6');
Insert into AMARTINEZG.OPERACIONES_REVISIONES (ID,OPERACION,ID_REVISION) values ('70','SUSTITUIR EL LIQUIDO REFRIGERANTE DE RADIADOR, ACEITE Y SU FILTRO','6');
REM INSERTING into AMARTINEZG.RASTREO_GUIAS
SET DEFINE OFF;
Insert into AMARTINEZG.RASTREO_GUIAS (ID,ID_ESTADO_GUIA,FECHA_HORA_ESTADO) values ('1','1',to_timestamp('30/01/19 10:00:00,000000000','DD/MM/RR HH24:MI:SSXFF'));
Insert into AMARTINEZG.RASTREO_GUIAS (ID,ID_ESTADO_GUIA,FECHA_HORA_ESTADO) values ('2','1',to_timestamp('23/02/19 10:00:00,000000000','DD/MM/RR HH24:MI:SSXFF'));
Insert into AMARTINEZG.RASTREO_GUIAS (ID,ID_ESTADO_GUIA,FECHA_HORA_ESTADO) values ('3','2',to_timestamp('04/02/19 10:30:00,000000000','DD/MM/RR HH24:MI:SSXFF'));
Insert into AMARTINEZG.RASTREO_GUIAS (ID,ID_ESTADO_GUIA,FECHA_HORA_ESTADO) values ('4','6',to_timestamp('04/03/19 09:00:00,000000000','DD/MM/RR HH24:MI:SSXFF'));
Insert into AMARTINEZG.RASTREO_GUIAS (ID,ID_ESTADO_GUIA,FECHA_HORA_ESTADO) values ('5','5',to_timestamp('20/03/19 08:00:00,000000000','DD/MM/RR HH24:MI:SSXFF'));
Insert into AMARTINEZG.RASTREO_GUIAS (ID,ID_ESTADO_GUIA,FECHA_HORA_ESTADO) values ('6','4',to_timestamp('12/03/19 11:00:00,000000000','DD/MM/RR HH24:MI:SSXFF'));
Insert into AMARTINEZG.RASTREO_GUIAS (ID,ID_ESTADO_GUIA,FECHA_HORA_ESTADO) values ('7','4',to_timestamp('12/03/19 11:00:00,000000000','DD/MM/RR HH24:MI:SSXFF'));
Insert into AMARTINEZG.RASTREO_GUIAS (ID,ID_ESTADO_GUIA,FECHA_HORA_ESTADO) values ('8','6',to_timestamp('12/03/19 10:10:00,000000000','DD/MM/RR HH24:MI:SSXFF'));
Insert into AMARTINEZG.RASTREO_GUIAS (ID,ID_ESTADO_GUIA,FECHA_HORA_ESTADO) values ('9','5',to_timestamp('11/03/19 11:00:00,000000000','DD/MM/RR HH24:MI:SSXFF'));
Insert into AMARTINEZG.RASTREO_GUIAS (ID,ID_ESTADO_GUIA,FECHA_HORA_ESTADO) values ('10','5',to_timestamp('05/03/19 13:00:00,000000000','DD/MM/RR HH24:MI:SSXFF'));
Insert into AMARTINEZG.RASTREO_GUIAS (ID,ID_ESTADO_GUIA,FECHA_HORA_ESTADO) values ('11','6',to_timestamp('20/03/19 12:30:00,000000000','DD/MM/RR HH24:MI:SSXFF'));
Insert into AMARTINEZG.RASTREO_GUIAS (ID,ID_ESTADO_GUIA,FECHA_HORA_ESTADO) values ('12','2',to_timestamp('24/02/19 10:00:00,000000000','DD/MM/RR HH24:MI:SSXFF'));
Insert into AMARTINEZG.RASTREO_GUIAS (ID,ID_ESTADO_GUIA,FECHA_HORA_ESTADO) values ('13','2',to_timestamp('01/02/19 17:20:00,000000000','DD/MM/RR HH24:MI:SSXFF'));
Insert into AMARTINEZG.RASTREO_GUIAS (ID,ID_ESTADO_GUIA,FECHA_HORA_ESTADO) values ('14','2',to_timestamp('12/02/19 18:05:00,000000000','DD/MM/RR HH24:MI:SSXFF'));
Insert into AMARTINEZG.RASTREO_GUIAS (ID,ID_ESTADO_GUIA,FECHA_HORA_ESTADO) values ('15','2',to_timestamp('05/02/19 14:40:00,000000000','DD/MM/RR HH24:MI:SSXFF'));
Insert into AMARTINEZG.RASTREO_GUIAS (ID,ID_ESTADO_GUIA,FECHA_HORA_ESTADO) values ('16','3',to_timestamp('12/12/19 15:00:00,000000000','DD/MM/RR HH24:MI:SSXFF'));
Insert into AMARTINEZG.RASTREO_GUIAS (ID,ID_ESTADO_GUIA,FECHA_HORA_ESTADO) values ('17','3',to_timestamp('12/01/19 14:50:00,000000000','DD/MM/RR HH24:MI:SSXFF'));
Insert into AMARTINEZG.RASTREO_GUIAS (ID,ID_ESTADO_GUIA,FECHA_HORA_ESTADO) values ('18','5',to_timestamp('12/01/19 14:00:00,000000000','DD/MM/RR HH24:MI:SSXFF'));
Insert into AMARTINEZG.RASTREO_GUIAS (ID,ID_ESTADO_GUIA,FECHA_HORA_ESTADO) values ('19','1',to_timestamp('12/03/19 17:00:00,000000000','DD/MM/RR HH24:MI:SSXFF'));
Insert into AMARTINEZG.RASTREO_GUIAS (ID,ID_ESTADO_GUIA,FECHA_HORA_ESTADO) values ('20','5',to_timestamp('12/03/19 17:00:00,000000000','DD/MM/RR HH24:MI:SSXFF'));
REM INSERTING into AMARTINEZG.REVISIONES
SET DEFINE OFF;
Insert into AMARTINEZG.REVISIONES (ID,KILOMETRAJE_REVISION) values ('1','5000');
Insert into AMARTINEZG.REVISIONES (ID,KILOMETRAJE_REVISION) values ('2','10000');
Insert into AMARTINEZG.REVISIONES (ID,KILOMETRAJE_REVISION) values ('3','20000');
Insert into AMARTINEZG.REVISIONES (ID,KILOMETRAJE_REVISION) values ('4','40000');
Insert into AMARTINEZG.REVISIONES (ID,KILOMETRAJE_REVISION) values ('5','50000');
Insert into AMARTINEZG.REVISIONES (ID,KILOMETRAJE_REVISION) values ('6','100000');
REM INSERTING into AMARTINEZG.VEHICULOS
SET DEFINE OFF;
Insert into AMARTINEZG.VEHICULOS (ID,MARCA,MODELO,LINEA,TIPO_COMBUSTIBLE,KILOMETRAJE,CAPACIDAD,ID_CENTRO_RECIBO) values ('1','FORD','2012','L35','DIESEL','21495','2.5 TON','12');
Insert into AMARTINEZG.VEHICULOS (ID,MARCA,MODELO,LINEA,TIPO_COMBUSTIBLE,KILOMETRAJE,CAPACIDAD,ID_CENTRO_RECIBO) values ('2','MITSUBISHI','2013','FUSO 1','GASOLINA','91656','2.8 TON','9');
Insert into AMARTINEZG.VEHICULOS (ID,MARCA,MODELO,LINEA,TIPO_COMBUSTIBLE,KILOMETRAJE,CAPACIDAD,ID_CENTRO_RECIBO) values ('3','MITSUBISHI','2007','FUSO 2','DIESEL','51210','3.3 TON','6');
Insert into AMARTINEZG.VEHICULOS (ID,MARCA,MODELO,LINEA,TIPO_COMBUSTIBLE,KILOMETRAJE,CAPACIDAD,ID_CENTRO_RECIBO) values ('4','FORD','2013','L35','DIESEL','89066','3.5 TON','10');
Insert into AMARTINEZG.VEHICULOS (ID,MARCA,MODELO,LINEA,TIPO_COMBUSTIBLE,KILOMETRAJE,CAPACIDAD,ID_CENTRO_RECIBO) values ('5','FORD','2010','L012','DIESEL','43808','6 TON','4');
Insert into AMARTINEZG.VEHICULOS (ID,MARCA,MODELO,LINEA,TIPO_COMBUSTIBLE,KILOMETRAJE,CAPACIDAD,ID_CENTRO_RECIBO) values ('6','FORD','2013','L56','GASOLINA','79613','3.3 TON','9');
Insert into AMARTINEZG.VEHICULOS (ID,MARCA,MODELO,LINEA,TIPO_COMBUSTIBLE,KILOMETRAJE,CAPACIDAD,ID_CENTRO_RECIBO) values ('7','FORD','2007','L56','GASOLINA','25837','5 TON','5');
Insert into AMARTINEZG.VEHICULOS (ID,MARCA,MODELO,LINEA,TIPO_COMBUSTIBLE,KILOMETRAJE,CAPACIDAD,ID_CENTRO_RECIBO) values ('8','NISSAN','2008','NF102','GASOLINA','96566','11 TON','19');
Insert into AMARTINEZG.VEHICULOS (ID,MARCA,MODELO,LINEA,TIPO_COMBUSTIBLE,KILOMETRAJE,CAPACIDAD,ID_CENTRO_RECIBO) values ('9','NISSAN','2008','NI120','GASOLINA','78273','11 TON','19');
Insert into AMARTINEZG.VEHICULOS (ID,MARCA,MODELO,LINEA,TIPO_COMBUSTIBLE,KILOMETRAJE,CAPACIDAD,ID_CENTRO_RECIBO) values ('10','NISSAN','2007','NK100','GASOLINA','44177','2.8 TON','10');
Insert into AMARTINEZG.VEHICULOS (ID,MARCA,MODELO,LINEA,TIPO_COMBUSTIBLE,KILOMETRAJE,CAPACIDAD,ID_CENTRO_RECIBO) values ('11','RENAULT','2006','RE200','GASOLINA','89533','3.3 TON','4');
Insert into AMARTINEZG.VEHICULOS (ID,MARCA,MODELO,LINEA,TIPO_COMBUSTIBLE,KILOMETRAJE,CAPACIDAD,ID_CENTRO_RECIBO) values ('12','NISSAN','2012','NI14','GASOLINA','59778','6 TON','8');
Insert into AMARTINEZG.VEHICULOS (ID,MARCA,MODELO,LINEA,TIPO_COMBUSTIBLE,KILOMETRAJE,CAPACIDAD,ID_CENTRO_RECIBO) values ('13','MITSUBISHI','2013','FUSO 2','GASOLINA','48041','5 TON','9');
Insert into AMARTINEZG.VEHICULOS (ID,MARCA,MODELO,LINEA,TIPO_COMBUSTIBLE,KILOMETRAJE,CAPACIDAD,ID_CENTRO_RECIBO) values ('14','MITSUBISHI','2009','FUSO 1','DIESEL','90027','3.5 TON','10');
Insert into AMARTINEZG.VEHICULOS (ID,MARCA,MODELO,LINEA,TIPO_COMBUSTIBLE,KILOMETRAJE,CAPACIDAD,ID_CENTRO_RECIBO) values ('15','FORD','2007','L312','DIESEL','15725','6 TON','16');
Insert into AMARTINEZG.VEHICULOS (ID,MARCA,MODELO,LINEA,TIPO_COMBUSTIBLE,KILOMETRAJE,CAPACIDAD,ID_CENTRO_RECIBO) values ('16','FORD','2006','L35','DIESEL','79999','700 KG','12');
Insert into AMARTINEZG.VEHICULOS (ID,MARCA,MODELO,LINEA,TIPO_COMBUSTIBLE,KILOMETRAJE,CAPACIDAD,ID_CENTRO_RECIBO) values ('17','RENAULT','2014','RT256','GASOLINA','83091','2.5 TON','11');
Insert into AMARTINEZG.VEHICULOS (ID,MARCA,MODELO,LINEA,TIPO_COMBUSTIBLE,KILOMETRAJE,CAPACIDAD,ID_CENTRO_RECIBO) values ('18','RENAULT','2012','RR156','GASOLINA','73504','2.5 TON','20');
Insert into AMARTINEZG.VEHICULOS (ID,MARCA,MODELO,LINEA,TIPO_COMBUSTIBLE,KILOMETRAJE,CAPACIDAD,ID_CENTRO_RECIBO) values ('19','NISSAN','2011','NE152','DIESEL','47658','2.5 TON','7');
Insert into AMARTINEZG.VEHICULOS (ID,MARCA,MODELO,LINEA,TIPO_COMBUSTIBLE,KILOMETRAJE,CAPACIDAD,ID_CENTRO_RECIBO) values ('20','NISSAN','2005','NA453','GASOLINA','77407','2.5 TON','1');
--------------------------------------------------------
--  DDL for Index SYS_C008653
--------------------------------------------------------

  CREATE UNIQUE INDEX "AMARTINEZG"."SYS_C008653" ON "AMARTINEZG"."CLIENTES" ("ID") 
  ;
--------------------------------------------------------
--  DDL for Index SYS_C008655
--------------------------------------------------------

  CREATE UNIQUE INDEX "AMARTINEZG"."SYS_C008655" ON "AMARTINEZG"."ESTADO_GUIAS" ("ID") 
  ;
--------------------------------------------------------
--  DDL for Index SYS_C008656
--------------------------------------------------------

  CREATE UNIQUE INDEX "AMARTINEZG"."SYS_C008656" ON "AMARTINEZG"."RASTREO_GUIAS" ("ID") 
  ;
--------------------------------------------------------
--  DDL for Index SYS_C008659
--------------------------------------------------------

  CREATE UNIQUE INDEX "AMARTINEZG"."SYS_C008659" ON "AMARTINEZG"."DEPARTAMENTOS" ("ID") 
  ;
--------------------------------------------------------
--  DDL for Index SYS_C008662
--------------------------------------------------------

  CREATE UNIQUE INDEX "AMARTINEZG"."SYS_C008662" ON "AMARTINEZG"."CIUDADES" ("ID") 
  ;
--------------------------------------------------------
--  DDL for Index SYS_C008666
--------------------------------------------------------

  CREATE UNIQUE INDEX "AMARTINEZG"."SYS_C008666" ON "AMARTINEZG"."CODIGOS_POSTALES" ("ID") 
  ;
--------------------------------------------------------
--  DDL for Index SYS_C008670
--------------------------------------------------------

  CREATE UNIQUE INDEX "AMARTINEZG"."SYS_C008670" ON "AMARTINEZG"."EMPLEADOS" ("ID") 
  ;
--------------------------------------------------------
--  DDL for Index SYS_C008675
--------------------------------------------------------

  CREATE UNIQUE INDEX "AMARTINEZG"."SYS_C008675" ON "AMARTINEZG"."CENTRO_RECIBOS" ("ID") 
  ;
--------------------------------------------------------
--  DDL for Index SYS_C008678
--------------------------------------------------------

  CREATE UNIQUE INDEX "AMARTINEZG"."SYS_C008678" ON "AMARTINEZG"."CENTRO_RECIBOS_EMPLEADOS" ("ID") 
  ;
--------------------------------------------------------
--  DDL for Index SYS_C008683
--------------------------------------------------------

  CREATE UNIQUE INDEX "AMARTINEZG"."SYS_C008683" ON "AMARTINEZG"."VEHICULOS" ("ID") 
  ;
--------------------------------------------------------
--  DDL for Index SYS_C008688
--------------------------------------------------------

  CREATE UNIQUE INDEX "AMARTINEZG"."SYS_C008688" ON "AMARTINEZG"."REVISIONES" ("ID") 
  ;
--------------------------------------------------------
--  DDL for Index SYS_C008690
--------------------------------------------------------

  CREATE UNIQUE INDEX "AMARTINEZG"."SYS_C008690" ON "AMARTINEZG"."OPERACIONES_REVISIONES" ("ID") 
  ;
--------------------------------------------------------
--  DDL for Index SYS_C008693
--------------------------------------------------------

  CREATE UNIQUE INDEX "AMARTINEZG"."SYS_C008693" ON "AMARTINEZG"."MANTENIMIENTOS" ("ID") 
  ;
--------------------------------------------------------
--  DDL for Index SYS_C008700
--------------------------------------------------------

  CREATE UNIQUE INDEX "AMARTINEZG"."SYS_C008700" ON "AMARTINEZG"."ENVIO_MERCANCIA" ("ID") 
  ;
--------------------------------------------------------
--  Constraints for Table CENTRO_RECIBOS
--------------------------------------------------------

  ALTER TABLE "AMARTINEZG"."CENTRO_RECIBOS" MODIFY ("ID_CIUDAD" NOT NULL ENABLE);
  ALTER TABLE "AMARTINEZG"."CENTRO_RECIBOS" MODIFY ("NOMBRE" NOT NULL ENABLE);
  ALTER TABLE "AMARTINEZG"."CENTRO_RECIBOS" MODIFY ("TIPO_CENTRO_RECIBO" NOT NULL ENABLE);
  ALTER TABLE "AMARTINEZG"."CENTRO_RECIBOS" ADD PRIMARY KEY ("ID")
  USING INDEX  ENABLE;
  ALTER TABLE "AMARTINEZG"."CENTRO_RECIBOS" ADD CONSTRAINT "CHECK_TIPO_CENTRO_RECIBO" CHECK (TIPO_CENTRO_RECIBO IN ('CONVENCIONAL','TERMINAL DE CARGA')) ENABLE;
--------------------------------------------------------
--  Constraints for Table CENTRO_RECIBOS_EMPLEADOS
--------------------------------------------------------

  ALTER TABLE "AMARTINEZG"."CENTRO_RECIBOS_EMPLEADOS" ADD PRIMARY KEY ("ID")
  USING INDEX  ENABLE;
--------------------------------------------------------
--  Constraints for Table CIUDADES
--------------------------------------------------------

  ALTER TABLE "AMARTINEZG"."CIUDADES" MODIFY ("CIUDAD" NOT NULL ENABLE);
  ALTER TABLE "AMARTINEZG"."CIUDADES" MODIFY ("ID_DEPARTAMENTO" NOT NULL ENABLE);
  ALTER TABLE "AMARTINEZG"."CIUDADES" ADD PRIMARY KEY ("ID")
  USING INDEX  ENABLE;
--------------------------------------------------------
--  Constraints for Table CLIENTES
--------------------------------------------------------

  ALTER TABLE "AMARTINEZG"."CLIENTES" MODIFY ("CEDULA" NOT NULL ENABLE);
  ALTER TABLE "AMARTINEZG"."CLIENTES" MODIFY ("NOMBRE" NOT NULL ENABLE);
  ALTER TABLE "AMARTINEZG"."CLIENTES" MODIFY ("DIRECCION" NOT NULL ENABLE);
  ALTER TABLE "AMARTINEZG"."CLIENTES" ADD PRIMARY KEY ("ID")
  USING INDEX  ENABLE;
--------------------------------------------------------
--  Constraints for Table CODIGOS_POSTALES
--------------------------------------------------------

  ALTER TABLE "AMARTINEZG"."CODIGOS_POSTALES" MODIFY ("ID_CIUDAD" NOT NULL ENABLE);
  ALTER TABLE "AMARTINEZG"."CODIGOS_POSTALES" MODIFY ("CODIGO_POSTAL" NOT NULL ENABLE);
  ALTER TABLE "AMARTINEZG"."CODIGOS_POSTALES" ADD PRIMARY KEY ("ID")
  USING INDEX  ENABLE;
--------------------------------------------------------
--  Constraints for Table DEPARTAMENTOS
--------------------------------------------------------

  ALTER TABLE "AMARTINEZG"."DEPARTAMENTOS" MODIFY ("DEPARTAMENTO" NOT NULL ENABLE);
  ALTER TABLE "AMARTINEZG"."DEPARTAMENTOS" ADD PRIMARY KEY ("ID")
  USING INDEX  ENABLE;
--------------------------------------------------------
--  Constraints for Table EMPLEADOS
--------------------------------------------------------

  ALTER TABLE "AMARTINEZG"."EMPLEADOS" MODIFY ("NOMBRE" NOT NULL ENABLE);
  ALTER TABLE "AMARTINEZG"."EMPLEADOS" MODIFY ("CEDULA" NOT NULL ENABLE);
  ALTER TABLE "AMARTINEZG"."EMPLEADOS" ADD PRIMARY KEY ("ID")
  USING INDEX  ENABLE;
--------------------------------------------------------
--  Constraints for Table ENVIO_MERCANCIA
--------------------------------------------------------

  ALTER TABLE "AMARTINEZG"."ENVIO_MERCANCIA" MODIFY ("NUMERO_GUIA" NOT NULL ENABLE);
  ALTER TABLE "AMARTINEZG"."ENVIO_MERCANCIA" MODIFY ("TIPO_SERVICIO" NOT NULL ENABLE);
  ALTER TABLE "AMARTINEZG"."ENVIO_MERCANCIA" ADD PRIMARY KEY ("ID")
  USING INDEX  ENABLE;
  ALTER TABLE "AMARTINEZG"."ENVIO_MERCANCIA" ADD CONSTRAINT "CHECK_TIPO_SERVICIO" CHECK (TIPO_SERVICIO IN ('CARGA AEREA','MERCANCIA','MENSAJERIA','FIRMA DE DOCUMENTOS','RADICACION DE DOCUMENTOS')) ENABLE;
--------------------------------------------------------
--  Constraints for Table ESTADO_GUIAS
--------------------------------------------------------

  ALTER TABLE "AMARTINEZG"."ESTADO_GUIAS" MODIFY ("ESTADO" NOT NULL ENABLE);
  ALTER TABLE "AMARTINEZG"."ESTADO_GUIAS" ADD PRIMARY KEY ("ID")
  USING INDEX  ENABLE;
--------------------------------------------------------
--  Constraints for Table MANTENIMIENTOS
--------------------------------------------------------

  ALTER TABLE "AMARTINEZG"."MANTENIMIENTOS" MODIFY ("ESTADO" NOT NULL ENABLE);
  ALTER TABLE "AMARTINEZG"."MANTENIMIENTOS" ADD PRIMARY KEY ("ID")
  USING INDEX  ENABLE;
  ALTER TABLE "AMARTINEZG"."MANTENIMIENTOS" ADD CONSTRAINT "CHECK_ESTADO_MANTENIMIENTO" CHECK (ESTADO IN ('REALIZADO','NO REALIZADO')) ENABLE;
--------------------------------------------------------
--  Constraints for Table OPERACIONES_REVISIONES
--------------------------------------------------------

  ALTER TABLE "AMARTINEZG"."OPERACIONES_REVISIONES" MODIFY ("ID_REVISION" NOT NULL ENABLE);
  ALTER TABLE "AMARTINEZG"."OPERACIONES_REVISIONES" ADD PRIMARY KEY ("ID")
  USING INDEX  ENABLE;
--------------------------------------------------------
--  Constraints for Table RASTREO_GUIAS
--------------------------------------------------------

  ALTER TABLE "AMARTINEZG"."RASTREO_GUIAS" ADD PRIMARY KEY ("ID")
  USING INDEX  ENABLE;
--------------------------------------------------------
--  Constraints for Table REVISIONES
--------------------------------------------------------

  ALTER TABLE "AMARTINEZG"."REVISIONES" MODIFY ("KILOMETRAJE_REVISION" NOT NULL ENABLE);
  ALTER TABLE "AMARTINEZG"."REVISIONES" ADD PRIMARY KEY ("ID")
  USING INDEX  ENABLE;
--------------------------------------------------------
--  Constraints for Table VEHICULOS
--------------------------------------------------------

  ALTER TABLE "AMARTINEZG"."VEHICULOS" MODIFY ("TIPO_COMBUSTIBLE" NOT NULL ENABLE);
  ALTER TABLE "AMARTINEZG"."VEHICULOS" MODIFY ("CAPACIDAD" NOT NULL ENABLE);
  ALTER TABLE "AMARTINEZG"."VEHICULOS" ADD PRIMARY KEY ("ID")
  USING INDEX  ENABLE;
  ALTER TABLE "AMARTINEZG"."VEHICULOS" ADD CONSTRAINT "CHECK_TIPO_COMBUSTIBLE" CHECK (TIPO_COMBUSTIBLE IN ('DIESEL','GASOLINA')) ENABLE;
  ALTER TABLE "AMARTINEZG"."VEHICULOS" ADD CONSTRAINT "CHECK_CAPACIDAD" CHECK (CAPACIDAD IN ('2.5 TON','2.8 TON','3.3 TON','3.5 TON','5 TON','6 TON','11 TON','700 KG')) ENABLE;
--------------------------------------------------------
--  Ref Constraints for Table CENTRO_RECIBOS
--------------------------------------------------------

  ALTER TABLE "AMARTINEZG"."CENTRO_RECIBOS" ADD CONSTRAINT "FK_CIUDADES_CENTRO_RECIBOS" FOREIGN KEY ("ID_CIUDAD")
	  REFERENCES "AMARTINEZG"."CIUDADES" ("ID") ENABLE;
--------------------------------------------------------
--  Ref Constraints for Table CENTRO_RECIBOS_EMPLEADOS
--------------------------------------------------------

  ALTER TABLE "AMARTINEZG"."CENTRO_RECIBOS_EMPLEADOS" ADD CONSTRAINT "FK_EMPLEADOS_CENTRO_RECIBOS" FOREIGN KEY ("ID_EMPLEADO")
	  REFERENCES "AMARTINEZG"."EMPLEADOS" ("ID") ENABLE;
  ALTER TABLE "AMARTINEZG"."CENTRO_RECIBOS_EMPLEADOS" ADD CONSTRAINT "FK_CENTRO_RECIBOS_EMPLEADOS" FOREIGN KEY ("ID_CENTRO_RECIBO")
	  REFERENCES "AMARTINEZG"."CENTRO_RECIBOS" ("ID") ENABLE;
--------------------------------------------------------
--  Ref Constraints for Table CIUDADES
--------------------------------------------------------

  ALTER TABLE "AMARTINEZG"."CIUDADES" ADD CONSTRAINT "FK_DEPARTAMENTOS_CIUDADES" FOREIGN KEY ("ID_DEPARTAMENTO")
	  REFERENCES "AMARTINEZG"."DEPARTAMENTOS" ("ID") ENABLE;
--------------------------------------------------------
--  Ref Constraints for Table CODIGOS_POSTALES
--------------------------------------------------------

  ALTER TABLE "AMARTINEZG"."CODIGOS_POSTALES" ADD CONSTRAINT "FK_CIUDADES_CODIGOS_POSTALES" FOREIGN KEY ("ID_CIUDAD")
	  REFERENCES "AMARTINEZG"."CIUDADES" ("ID") ENABLE;
--------------------------------------------------------
--  Ref Constraints for Table EMPLEADOS
--------------------------------------------------------

  ALTER TABLE "AMARTINEZG"."EMPLEADOS" ADD CONSTRAINT "FK_EMPLEADO_JEFE_EMPLEADOS" FOREIGN KEY ("ID_EMPLEADO_JEFE")
	  REFERENCES "AMARTINEZG"."EMPLEADOS" ("ID") ENABLE;
--------------------------------------------------------
--  Ref Constraints for Table ENVIO_MERCANCIA
--------------------------------------------------------

  ALTER TABLE "AMARTINEZG"."ENVIO_MERCANCIA" ADD CONSTRAINT "FK_CLIENTES_REMITE_ENVIO_MERCANCIA" FOREIGN KEY ("ID_CLIENTE_REMITE")
	  REFERENCES "AMARTINEZG"."CLIENTES" ("ID") ENABLE;
  ALTER TABLE "AMARTINEZG"."ENVIO_MERCANCIA" ADD CONSTRAINT "FK_CLIENTES_DESTINO_ENVIO_MERCANCIA" FOREIGN KEY ("ID_CLIENTE_DESTINO")
	  REFERENCES "AMARTINEZG"."CLIENTES" ("ID") ENABLE;
  ALTER TABLE "AMARTINEZG"."ENVIO_MERCANCIA" ADD CONSTRAINT "FK_CIUDADES_ORIGEN_ENVIO_MERCANCIA" FOREIGN KEY ("ID_CIUDAD_ORIGEN")
	  REFERENCES "AMARTINEZG"."CIUDADES" ("ID") ENABLE;
  ALTER TABLE "AMARTINEZG"."ENVIO_MERCANCIA" ADD CONSTRAINT "FK_CIUDADES_DESTINO_ENVIO_MERCANCIA" FOREIGN KEY ("ID_CIUDAD_DESTINO")
	  REFERENCES "AMARTINEZG"."CIUDADES" ("ID") ENABLE;
  ALTER TABLE "AMARTINEZG"."ENVIO_MERCANCIA" ADD CONSTRAINT "FK_POSTAL_ORIGEN_ENVIO_MERCANCIA" FOREIGN KEY ("ID_CODIGO_POSTAL_ORIGEN")
	  REFERENCES "AMARTINEZG"."CODIGOS_POSTALES" ("ID") ENABLE;
  ALTER TABLE "AMARTINEZG"."ENVIO_MERCANCIA" ADD CONSTRAINT "FK_POSTAL_DESTINO_ENVIO_MERCANCIA" FOREIGN KEY ("ID_CODIGO_POSTAL_DESTINO")
	  REFERENCES "AMARTINEZG"."CODIGOS_POSTALES" ("ID") ENABLE;
  ALTER TABLE "AMARTINEZG"."ENVIO_MERCANCIA" ADD CONSTRAINT "FK_ESTADO_GUIAS_ENVIO_MERCANCIA" FOREIGN KEY ("ID_ESTADO")
	  REFERENCES "AMARTINEZG"."ESTADO_GUIAS" ("ID") ENABLE;
--------------------------------------------------------
--  Ref Constraints for Table MANTENIMIENTOS
--------------------------------------------------------

  ALTER TABLE "AMARTINEZG"."MANTENIMIENTOS" ADD CONSTRAINT "FK_EMPLEADOS_MANTENIMIENTOS" FOREIGN KEY ("ID_EMPLEADO")
	  REFERENCES "AMARTINEZG"."EMPLEADOS" ("ID") ENABLE;
  ALTER TABLE "AMARTINEZG"."MANTENIMIENTOS" ADD CONSTRAINT "FK_VEHICULOS_MANTENIMIENTOS" FOREIGN KEY ("ID_VEHICULO")
	  REFERENCES "AMARTINEZG"."VEHICULOS" ("ID") ENABLE;
  ALTER TABLE "AMARTINEZG"."MANTENIMIENTOS" ADD CONSTRAINT "FK_REVISION_MANTENIMIENTOS" FOREIGN KEY ("ID_REVISION")
	  REFERENCES "AMARTINEZG"."REVISIONES" ("ID") ENABLE;
--------------------------------------------------------
--  Ref Constraints for Table OPERACIONES_REVISIONES
--------------------------------------------------------

  ALTER TABLE "AMARTINEZG"."OPERACIONES_REVISIONES" ADD CONSTRAINT "FK_REVISIONES_OPERACIONES_REVISIONES" FOREIGN KEY ("ID_REVISION")
	  REFERENCES "AMARTINEZG"."REVISIONES" ("ID") ENABLE;
--------------------------------------------------------
--  Ref Constraints for Table RASTREO_GUIAS
--------------------------------------------------------

  ALTER TABLE "AMARTINEZG"."RASTREO_GUIAS" ADD CONSTRAINT "FK_ESTADO_GUIAS_RASTREO" FOREIGN KEY ("ID_ESTADO_GUIA")
	  REFERENCES "AMARTINEZG"."ESTADO_GUIAS" ("ID") ENABLE;
--------------------------------------------------------
--  Ref Constraints for Table VEHICULOS
--------------------------------------------------------

  ALTER TABLE "AMARTINEZG"."VEHICULOS" ADD CONSTRAINT "FK_CENTRO_RECIBOS_VEHICULOS" FOREIGN KEY ("ID_CENTRO_RECIBO")
	  REFERENCES "AMARTINEZG"."CENTRO_RECIBOS" ("ID") ENABLE;
